INSERT INTO "role" ("id_role", "nama_role") VALUES
(1, 'Administrator'),
(2, 'Supervisor'),
(3, 'Manajer Operational Risk'),
(4, 'QA Lead Operational Risk'),
(5, 'QA Officer Operational Risk'),
(6, 'Branch Manager'),
(7, 'Super QA Officer Operational Risk');

INSERT INTO "access_permissions" ("akses_dashboard_staff","akses_bukti_pelaksanaan", "akses_hapus_risiko", "akses_persetujuan_bukti_pelaksanaan", "akses_rekomendasi", "akses_risiko", "akses_risk_level", "akses_risk_rating", "akses_tabel_rekomendasi", "akses_tabel_risiko", "akses_tambah_bukti_pelaksanaan", "akses_tambah_risiko", "akses_ubah_bukti_pelaksanaan", "akses_ubah_hierarki", "akses_ubah_risiko", "atur_tenggat_waktu", "ubah_reminder", "ubah_risk_level", "ubah_risk_rating", "role_id_role")
VALUES
(FALSE, FALSE, FALSE, FALSE, FALSE, FALSE, TRUE, TRUE, FALSE, FALSE, FALSE, FALSE, FALSE, FALSE, FALSE, FALSE, FALSE, FALSE, FALSE, '1'),
(TRUE, TRUE, FALSE, TRUE, FALSE, TRUE, TRUE, TRUE, FALSE, TRUE, TRUE, FALSE, FALSE, TRUE, FALSE, FALSE, FALSE, TRUE, TRUE, '2'),
(FALSE, TRUE, TRUE, TRUE, FALSE, TRUE, TRUE, TRUE, FALSE, TRUE, FALSE, TRUE, FALSE, TRUE, TRUE, FALSE, FALSE, TRUE, TRUE, '3'),
(FALSE, TRUE, TRUE, TRUE, TRUE, TRUE, TRUE, TRUE, TRUE, TRUE, TRUE, TRUE, TRUE, TRUE, TRUE, TRUE, TRUE, TRUE, TRUE, '4'),
(TRUE, TRUE, TRUE, TRUE, FALSE, TRUE, TRUE, TRUE, TRUE, TRUE, TRUE, TRUE, TRUE, FALSE, TRUE, TRUE, TRUE, FALSE, FALSE, '5'),
(FALSE, TRUE, FALSE, FALSE, FALSE, FALSE, FALSE, FALSE, TRUE, FALSE, TRUE, FALSE, TRUE, FALSE, FALSE, FALSE, FALSE, FALSE, FALSE, '6'),
(TRUE, TRUE, TRUE, TRUE, TRUE, TRUE, TRUE, TRUE, TRUE, TRUE, TRUE, TRUE, TRUE, TRUE, TRUE, TRUE, TRUE, TRUE, TRUE, '7');

INSERT INTO "reminder_template" ("id_reminder_template", "body", "global", "subjects") 
VALUES ('1', 'The global template for your email', TRUE, 'A Reminder for Recommendation Assignment');

INSERT INTO "status_bukti_pelaksanaan" ("id_status_bukti", "keterangan_status", "nama_status") 
VALUES 
('1', NULL, 'Menunggu Persetujuan'), 
('2', NULL, 'Disetujui'), 
('3', NULL, 'Ditolak');

INSERT INTO "status_rencana_pemeriksaan" ("id_status_rencana", "keterangan_status", "nama_status")
VALUES 
('1', NULL, 'Draft'), 
('2', NULL, 'Sedang Dijalankan'), 
('3', NULL, 'Selesai');

INSERT INTO "status_hasil_pemeriksaan" ("id_status_hasil", "keterangan_status", "nama_status") 
VALUES 
('1', NULL, 'Draft'), 
('2', NULL, 'Menunggu Persetujuan'), 
('3', NULL, 'Ditolak'), 
('4', NULL, 'Menunggu Pelaksanaan'), 
('5', NULL, 'Selesai');

INSERT INTO "status_rekomendasi" ("id_status_rekomendasi", "dapat_set_tenggat_waktu", "keterangan_status", "nama_status") 
VALUES 
('1', FALSE, NULL, 'Draft'), 
('2', FALSE, NULL, 'Menunggu Persetujuan'), 
('3', FALSE, NULL, 'Ditolak'), 
('4', TRUE, NULL, 'Menunggu Pengaturan Tenggat Waktu'), 
('5', TRUE, NULL, 'Menunggu Pelaksanaan'), 
('6', FALSE, NULL, 'Sedang Dilaksanakan'), 
('7', FALSE, NULL, 'Selesai');


INSERT INTO "employee" ("id_employee", "email", "jabatan", "nama", "no_hp", "password", "status", "username", "reminder_template", "role") 
VALUES 
('1', 'administrator@sirio.com', 'Administrator', 'Aku Administrator', '0123', '', 'AKTIF', 'administrator', '1', '1'),
('2', 'supervisor@sirio.com', 'Supervisor', 'Aku Supervisor', '0123', '', 'AKTIF', 'supervisor', '1', '2'),
('3', 'manajer@sirio.com', 'QA Manajer', 'Aku Manajer', '0123', '', 'AKTIF', 'manajer', '1', '3'),
('4', 'lead@sirio.com', 'QA Lead', 'Aku Lead', '0123', '', 'AKTIF', 'leadlead', '1', '4'),
('5', 'officer@sirio.com', 'QA Officer', 'Aku Officer', '0123', '', 'AKTIF', 'qaofficer', '1', '5'),
('6', 'bm@sirio.com', 'Branch Manager', 'Aku BM', '0123', '', 'AKTIF', 'branchmanager', '1', '6'),
('7', 'superQA@sirio.com', 'Super QA', 'Aku SuperQA', '0123', '', 'AKTIF', 'superofficer', '1', '7'),
('8','lampungutara.abungselatan@amartha.com','BM','Vidi Brillianto','0','','AKTIF','vidi','1','6'),
('9','cilacap.adipala@amartha.com','BM','Ratna Maulidia Fitriana','0','','AKTIF','ratna2','1','6'),
('10','tegal.adiwerna@amartha.com','BM','Arinda Sirviana Putri','0','','AKTIF','arinda','1','6'),
('11','asahan.airjoman@amartha.com','BM','suyanti','0','','AKTIF','suyanti','1','6'),
('12','batubara.airputih@amartha.com','BM','Binsar Fernando Siahaan','0','','AKTIF','binsar','1','6'),
('13','banyumas.ajibarang@amartha.com','BM','Ridwan','0','','AKTIF','ridwan','1','6'),
('14','semarang.ambarawa@amartha.com','BM','Dimas Adiyanto','0','','AKTIF','dimas','1','6'),
('15','agam.ampeangke@amartha.com','BM','Septridawati','0','','AKTIF','septridawati','1','6'),
('16','cirebon.arjawinangun@amartha.com','BM','Bayu Sapta Aji','0','','AKTIF','bayu','1','6'),
('17','bondowoso.asembagus@amartha.com','BM','Yosi Dina','0','','AKTIF','yosi','1','6'),
('18','cirebon.astanajapura@amartha.com','BM','Kurnanti','0','','AKTIF','kurnanti','1','6'),
('19','cirebon.babakan@amartha.com','BM','Eva Listiawati','0','','AKTIF','eva','1','6'),
('20','gowa.bajengbarat@amartha.com','BM','Muh Irham','0','','AKTIF','irham','1','6'),
('21','donggala.sirenja@amartha.com','BM','Ainul Haq','0','','AKTIF','ainul','1','6'),
('22','palu.banawa@amartha.com','BM','Ariansyah','0','','AKTIF','ariansyah','1','6'),
('23','pekalongan.bandar@amartha.com','BM','Mukarromah','0','','AKTIF','mukarromah','1','6'),
('24','simalungun.bandarsimalungun@amartha.com','BM','Roy mahdy Manalu','0','','AKTIF','roy','1','6'),
('25','lampungtimur.bandarsribawono@amartha.com','BM','Intan Sari','0','','AKTIF','intan','1','6'),
('26','magelang.bandongan@amartha.com','BM','Afi Nursani','0','','AKTIF','afi','1','6'),
('27','polman.banggae@amartha.com','BM','Muhammad ilham s','0','','AKTIF','ilham','1','6'),
('28','pasuruan.bangil@amartha.com','BM','Nany Mahmudah','0','','AKTIF','nany','1','6'),
('29','pekanbaru.bangkinangkota@amartha.com','BM','Achiruddin','0','','AKTIF','achiruddin','1','6'),
('30','banyuwangi.bangorejo@amartha.com','BM','Danny Wibowo','0','','AKTIF','danny','1','6'),
('31','mojokerto.bangsal@amartha.com','BM','Velia Lusi','0','','AKTIF','velia','1','6'),
('32','diy.banguntapan@amartha.com','BM','Vina Aprianingsih','0','','AKTIF','vina','1','6'),
('33','tulangbawang.banjaragung@amartha.com','BM','Muhammad Al Farizi','0','','AKTIF','farizi','1','6'),
('34','tulangbawang.banjarmargo@amartha.com','BM','Micha Budi Asih Sofia Sasmitha','0','','AKTIF','micha','1','6'),
('35','solo.banjarsari@amartha.com','BM','Anit Dupita','0','','AKTIF','anit','1','6'),
('36','ciamis.banjarsari@amartha.com','BM','Jamaludin','0','','AKTIF','jamaludin','1','6'),
('37','jeneponto.bantaeng@amartha.com','BM','A. Nurfitrawireski','0','','AKTIF','a.','1','6'),
('38','agam.banuhampu@amartha.com','BM','titik widya astuti','0','','AKTIF','titik','1','6'),
('39','palembang.banyuasin1@amartha.com','BM','Eka putri damayanti','0','','AKTIF','putri','1','6'),
('40','banyuasin.banyuasin3@amartha.com','BM','Alamsyah','0','','AKTIF','alamsyah','1','6'),
('41','banyumas.banyumas@amartha.com','BM','kadari','0','','AKTIF','kadari','1','6'),
('42','tolitoli.baolan@amartha.com','BM','Dewi','0','','AKTIF','dewi','1','6'),
('43','gowa.barombong@amartha.com','BM','Hasniah','0','','AKTIF','hasniah','1','6'),
('44','serang.baros@amartha.com','BM','Hamdani','0','','AKTIF','hamdani','1','6'),
('45','palopo.barra@amartha.com','BM','Rini Anggraini','0','','AKTIF','rini','1','6'),
('46','agam.baso@amartha.com','BM','Rahmat Andertin.S','0','','AKTIF','rahmat','1','6'),
('47','lbatanghari@amartha.com','BM','Joko Biyantoro','0','','AKTIF','joko','1','6'),
('48','baubau.batupoaro@amartha.com','BM','Sry Indarwati','0','','AKTIF','sry','1','6'),
('49','ogankomeringulu.baturajatimur@amartha.com','BM','surya yudies','0','','AKTIF','surya','1','6'),
('50','wonogiri.baturetno@amartha.com','BM','Sutrisno','0','','AKTIF','sutrisno','1','6'),
('51','pemalang.moga-belik@amartha.com','BM','Fetti Nurhayani','0','','AKTIF','fetti','1','6'),
('52','ogankomeringulu.belitang@amartha.com','BM','rachmat apriza','0','','AKTIF','rachmat','1','6'),
('53','gresik.banjeng@amartha.com','BM','Nadia Anggarwati','0','','AKTIF','nadia','1','6'),
('54','deliserdang.beringin@amartha.com','BM','Silvi syahputri','0','','AKTIF','silvi','1','6'),
('55','situbondo.besuki@amartha.com','BM','Chiquita Novdiyan A','0','','AKTIF','chiquita','1','6'),
('56','jeneponto.binamu@amartha.com','BM','Hasmawati','0','','AKTIF','hasmawati','1','6'),
('57','kotamedan.binjaitimur@amartha.com','BM','Enda Pindonta Napitupulu','0','','AKTIF','enda','1','6'),
('58','palu.biromaru@amartha.com','BM','Nurmila Permaisela','0','','AKTIF','nurmila','1','6'),
('59','purwakarta.bojong@amartha.com','BM','Adi Rahadian','0','','AKTIF','adi2','1','6'),
('60','tegal.bojong2@amartha.com','BM','Adi Nurul Hafidz','0','','AKTIF','adi','1','6'),
('61','cianjur.bojongpicung@amartha.com','BM','Rizki Solehudin Hidayat','0','','AKTIF','rizki','1','6'),
('62','palopo.bonebone@amartha.com','BM','Ababil','0','','AKTIF','ababil','1','6'),
('63','gowa.bontomarannu@amartha.com','BM','Muh Haidir Tunru','0','','AKTIF','muh','1','6'),
('64','gowa.bontonompo@amartha.com','BM','Asrida','0','','AKTIF','asrida','1','6'),
('65','bojonegoro.baureno@amartha.com','BM','Suci Sholehaningtias','0','','AKTIF','suci2','1','6'),
('66','sumedang.buahdua@amartha.com','BM','Jodi Herlambang','0','','AKTIF','jodi','1','6'),
('67','lampungutara.bukitkemuning@amartha.com','BM','Nurwati','0','','AKTIF','nurwati','1','6'),
('68','subang.bunihayu@amartha.com','BM','Nisa Nursalina','0','','AKTIF','nisa','1','6'),
('69','karawang.cabangbungin@amartha.com','BM','Galih putraniady','0','','AKTIF','galih','1','6'),
('70','cianjur.campaka@amartha.com','BM','Dede Hamzah','0','','AKTIF','dede2','1','6'),
('71','polman.campalagian@amartha.com','BM','Amriati','0','','AKTIF','amriati','1','6'),
('72','bandung.cangkuang@amartha.com','BM','Wina Nursyifa','0','','AKTIF','wina','1','6'),
('73','kuningan.ciawigebang@amartha.com','BM','Galuh Lutfia Harun','0','','AKTIF','galuh','1','6'),
('74','sukabumi.cibadak@amartha.com','BM','Keristina Deka Putri','0','','AKTIF','keristina','1','6'),
('75','lebak.cibeber@amartha.com','BM','Muhammad Rifan Rifa''i','0','','AKTIF','muhammad','1','6'),
('76','sukabumi.cicurug@amartha.com','BM','Ratih Sukaesih','0','','AKTIF','ratih','1','6'),
('77','majalengka.cigasong@amartha.com','BM','Dede Nuryaman','0','','AKTIF','dede','1','6'),
('78','ciamis.cijeunjing@amartha.com','BM','Andy Hermawan','0','','AKTIF','andy','1','6'),
('79','cianjur.cikalongkulon@amartha.com','BM','Mega Furqon Utami','0','','AKTIF','mega','1','6'),
('80','serang.cikande@amartha.com','BM','Saepul Andriansyah','0','','AKTIF','saepul','1','6'),
('81','lebak.cikulur@amartha.com','BM','Yati Sumiati','0','','AKTIF','yati','1','6'),
('82','cilacap.cilacapselatan@amartha.com','BM','Novia Avivah','0','','AKTIF','novia','1','6'),
('83','cianjur.cilaku@amartha.com','BM','Samlawi','0','','AKTIF','samlawi','1','6'),
('84','karawang.cilamayawetan@amartha.com','BM','Santi Heriyanti','0','','AKTIF','santi','1','6'),
('85','kuningan.cilimus@amartha.com','BM','Imas Masriyani','0','','AKTIF','imas','1','6'),
('86','pandeglang.cimanuk@amartha.com','BM','Iptah','0','','AKTIF','iptah','1','6'),
('87','lebak.cipanas@amartha.com','BM','Fadhli Nugroho','0','','AKTIF','fadhli','1','6'),
('88','bandung.ciparay@amartha.com','BM','Cepi Taufik Cahyana Permana','0','','AKTIF','cepi','1','6'),
('89','serang.ciruas@amartha.com','BM','Busti Suryani','0','','AKTIF','busti','1','6'),
('90','sukabumi.cisaat@amartha.com','BM','Dewi Silvia','0','','AKTIF','dewi2','1','6'),
('91','bogor.ciseeng@amartha.com','BM','Azizah Nurhayati','0','','AKTIF','azizah','1','6'),
('92','sumedang.cisitu@amartha.com','BM','Wendy Purwita','0','','AKTIF','wendy','1','6'),
('93','tangerang.cisoka@amartha.com','BM','Fitri Dewi Rasita Sinuhaji','0','','AKTIF','fitri','1','6'),
('94','serang.ciwandan@amartha.com','BM','M. Ridwan','0','','AKTIF','m.','1','6'),
('95','banyuwangi.cluring@amartha.com','BM','Imam Hidayat','0','','AKTIF','imam','1','6'),
('96','sumedang.conggeang@amartha.com','BM','Siti Hidayah','0','','AKTIF','siti','1','6'),
('97','tolitoli.dampalselatan@amartha.com','BM','Rahmatia Suleman','0','','AKTIF','rahmatia','1','6'),
('98','asahan.datukbandartimur@amartha.com','BM','Dewi Lasmawati silalalhi','0','','AKTIF','dewi3','1','6'),
('99','klaten.delanggu@amartha.com','BM','Wahyu Putro Dewanto','0','','AKTIF','wahyu','1','6'),
('100','jombang.diwek@amartha.com','BM','Ali Imam','0','','AKTIF','ali','1','6'),
('101','tolitoli.dondo@amartha.com','BM','Rusman','0','','AKTIF','rusman','1','6'),
('102','dumai.dumaiselatan@amartha.com','BM','Atanasius Zalukhu','0','','AKTIF','atanasius','1','6'),
('103','blora.gabus@amartha.com','BM','Otowi Supeno','0','','AKTIF','otowi','1','6'),
('104','pasawaran.gadingrejo@amartha.com','BM','Imron Aturi','0','','AKTIF','imron','1','6'),
('105','tolitoli.galang@amartha.com','BM','Musram','0','','AKTIF','musram','1','6'),
('106','takalar.galesong@amartha.com','BM','Nur Amri','0','','AKTIF','nur','1','6'),
('107','takalar.galesongselatan@amartha.com','BM','Leli wahyuni','0','','AKTIF','leli','1','6'),
('108','blitar.garum@amartha.com','BM','Sheilla Monika Masturah','0','','AKTIF','sheilla','1','6'),
('109','sidoarjo.gedangan@amartha.com','BM','M Faisol Amin','0','','AKTIF','m','1','6'),
('110','pasawaran.gedongtataan@amartha.com','BM','Yani Perianawati','0','','AKTIF','yani','1','6'),
('111','oganilir.gelumbang@amartha.com','BM','Ari Setiadi','0','','AKTIF','ari','1','6'),
('112','solo.gemolong@amartha.com','BM','Siti Purwasih','0','','AKTIF','siti2','1','6'),
('113','banyuwangi.genteng@amartha.com','BM','Denny Eka Hidayata','0','','AKTIF','denny','1','6'),
('114','tanggamus.gisting@amartha.com','BM','Oktaviany Farantika','0','','AKTIF','oktaviany','1','6'),
('115','kebumen.gombong@amartha.com','BM','Andhang Setyawan','0','','AKTIF','andhang','1','6'),
('116','solo.gondang@amartha.com','BM','Didik Paryanto','0','','AKTIF','didik','1','6'),
('117','magelang.grabag-secang@amartha.com','BM','Siti Nur Alimah','0','','AKTIF','siti3','1','6'),
('118','grobogan.gubug@amartha.com','BM','Anisa Fullu Azka','0','','AKTIF','anisa','1','6'),
('119','jombang.gudo@amartha.com','BM','Edi trilaksono','0','','AKTIF','edi','1','6'),
('120','payakumbuh.guguak@amartha.com','BM','Fajri Jhon','0','','AKTIF','fajri','1','6'),
('121','solok.gunungtalang@amartha.com','BM','Leondra Agusta','0','','AKTIF','leondra','1','6'),
('122','payakumbuh.harau@amartha.com','BM','Meiko Saputra','0','','AKTIF','meiko','1','6'),
('123','subang.haurgeulis@amartha.com','BM','Jihan Fauziah Hidayat','0','','AKTIF','jihan','1','6'),
('124','palembang.kalidoni2@amartha.com','BM','Angga wijaya','0','','AKTIF','angga','1','6'),
('125','oganilir.indralaya@amartha.com','BM','Utari','0','','AKTIF','utari','1','6'),
('126','indramayu.indramayu@amartha.com','BM','Firda rosmaya','0','','AKTIF','firda','1','6'),
('127','kotajambi.jambiselatan@amartha.com','BM','Arda Sofiani','0','','AKTIF','arda','1','6'),
('128','kotajambi.jambitimur@amartha.com','BM','Rino Sofiansyah','0','','AKTIF','rino','1','6'),
('129','bogor.jasinga@amartha.com','BM','Eneng Laras','0','','AKTIF','eneng','1','6'),
('130','indramayu.jatibarang@amartha.com','BM','Pipin Kurniawan','0','','AKTIF','pipin','1','6'),
('131','brebes.jatibarang@amartha.com','BM','siti mukarohmah','0','','AKTIF','siti4','1','6'),
('132','klaten.jatinom@amartha.com','BM','Widodo Saputro','0','','AKTIF','widodo','1','6'),
('133','sukoharjo.jatisrono@amartha.com','BM','Irfan Pabelan','0','','AKTIF','irfan','1','6'),
('134','ponorogo.jenangan@amartha.com','BM','Anang Taufik Maulana','0','','AKTIF','anang','1','6'),
('135','jember.jenggawah@amartha.com','BM','Wike Yulianti Sabdarena','0','','AKTIF','wike','1','6'),
('136','blora.japon@amartha.com','BM','Durmuji','0','','AKTIF','durmuji','1','6'),
('137','cilacap.jeruklegi@amartha.com','BM','Retno Kusumawardhani','0','','AKTIF','retno','1','6'),
('138','klaten.jagonalan@amartha.com','BM','Fajar Khasanah','0','','AKTIF','fajar','1','6'),
('139','jombang.jombang@amartha.com','BM','Evita Nur Cahyani','0','','AKTIF','evita','1','6'),
('140','pesisirselatan.jurai@amartha.com','BM','Hannes','0','','AKTIF','hannes','1','6'),
('141','banyuwangi.kabat@amartha.com','BM','Suci Aprillia Pertiwi','0','','AKTIF','suci','1','6'),
('142','Kendari.kadia@amartha.com','BM','Irnawati Aziz','0','','AKTIF','irnawati','1','6'),
('143','pekalongan.kajen@amartha.com','BM','Putri Emawati','0','','AKTIF','putri2','1','6'),
('144','lampungselatan.kalianda@amartha.com','BM','Farhan Imanuddin','0','','AKTIF','farhan','1','6'),
('145','palembang.kalidoni@amartha.com','BM','elriza agung pratama','0','','AKTIF','elriza','1','6'),
('146','banyuwangi.kalipuro@amartha.com','BM','Hidayatul Rohmah','0','','AKTIF','hidayatul','1','6'),
('147','lampungtengah.kalirejo@amartha.com','BM','Tubagus Rocky Zulian Mahdi','0','','AKTIF','tubagus','1','6'),
('148','jember.kalisat@amartha.com','BM','Singgih Tahwin Muhammad','0','','AKTIF','singgih','1','6'),
('149','bojonegoro.kalitidu@amartha.com','BM','Lida Bellina Rahmadhani','0','','AKTIF','lida','1','6'),
('150','indramayu.kandanghaur@amartha.com','BM','Soufi Lailla Aisyah','0','','AKTIF','soufi','1','6'),
('151','blitar.kanigoro@amartha.com','BM','Danial Kusuma Subyakto','0','','AKTIF','danial','1','6'),
('152','bojonegoro.kapas@amartha.com','BM','Ali Imam Affandi','0','','AKTIF','ali2','1','6'),
('153','cianjur.karangtengah@amartha.com','BM','Teti Herawati','0','','AKTIF','teti','1','6'),
('154','solo.karanganyar@amartha.com','BM','Dea Shinta','0','','AKTIF','dea','1','6'),
('155','pekalongan.karanganyar@amartha.com','BM','Dhuwik Rokhayati','0','','AKTIF','dhuwik','1','6'),
('156','lamongan.karanggeneng@amartha.com','BM','Yudha Shoffian','0','','AKTIF','yudha','1','6'),
('157','ngawi.karangjati@amartha.com','BM','Lisa Dwi Rahayu','0','','AKTIF','lisa','1','6'),
('158','banyumas.karanglewas@amartha.com','BM','M. AL Basit','0','','AKTIF','basit','1','6'),
('159','parigimoutong.kasimbar@amartha.com','BM','Ni Kadek Trisna Dewi','0','','AKTIF','ni','1','6'),
('160','ogankomeringilir.kayuagung@amartha.com','BM','Megawati','0','','AKTIF','megawati','1','6'),
('161','kebumen.kebumen@amartha.com','BM','Hamidi','0','','AKTIF','hamidi','1','6'),
('162','bandarlampung.kedaton@amartha.com','BM','Wengky berlianto','0','','AKTIF','wengky','1','6'),
('163','pasawaran.kedondong@amartha.com','BM','Hendrik Wiguna','0','','AKTIF','hendrik','1','6'),
('164','lamongan.kedungpring@amartha.com','BM','Rifai','0','','AKTIF','rifai','1','6'),
('165','tulungagung.kedungwaru@amartha.com','BM','Vidy Justitian Pradana','0','','AKTIF','vidy','1','6'),
('166','pekalongan.kedungwuni@amartha.com','BM','Imam Yuli Wijaya','0','','AKTIF','imam2','1','6'),
('167','bogor.kemang@amartha.com','BM','Putri Nanda Pratama','0','','AKTIF','putri3','1','6'),
('168','bandarlampung.kemiling@amartha.com','BM','Hendika Risman','0','','AKTIF','hendika','1','6'),
('169','mojokerto.kemlagi@amartha.com','BM','Pramono','0','','AKTIF','pramono','1','6'),
('170','jember.kencong@amartha.com','BM','Enita Yuliana Dewi','0','','AKTIF','enita','1','6'),
('171','Kendari.kendaribarat@amartha.com','BM','Muhmmad Rifai Sanusi','0','','AKTIF','muhmmad','1','6'),
('172','malang.kepanjen@amartha.com','BM','Edo Yulianto','0','','AKTIF','edo','1','6'),
('173','nganjuk.kertosono@amartha.com','BM','Arga Rahmadhi Argyansa','0','','AKTIF','arga','1','6'),
('174','pasamanbarat.kinali@amartha.com','BM','Pardomuan','0','','AKTIF','pardomuan','1','6'),
('175','Asahan.kisaranbarat@amartha.com','BM','Natal Romauli Damanik','0','','AKTIF','natal','1','6'),
('176','karawang.klari@amartha.com','BM','Misron Nasisin','0','','AKTIF','misron','1','6'),
('177','klaten.klatenutara@amartha.com','BM','Agil Ari Martanto Sijabat','0','','AKTIF','agil','1','6'),
('178','baubau.Kokalukuna@amartha.com','BM','herdayanti','0','','AKTIF','herdayanti','1','6'),
('179','kolaka.kolaka@amartha.com','BM','kiki alpiyanti','0','','AKTIF','kiki','1','6'),
('180','tanggamus.kotaagung@amartha.com','BM','Edy  Yudianto','0','','AKTIF','edy','1','6'),
('181','kotajambi.kotabaru@amartha.com','BM','Hariyanto','0','','AKTIF','hariyanto','1','6'),
('182','lampungtengah.kotagajah@amartha.com','BM','Meri Indah Sari','0','','AKTIF','meri','1','6'),
('183','lampungtimur.kotametro@amartha.com','BM','Dewi Prasetyo Guntari','0','','AKTIF','dewi4','1','6'),
('184','Lampungutara.kotabumi@amartha.com','BM','Sapta Cahyadi','0','','AKTIF','sapta','1','6'),
('185','padang.kototangah@amartha.com','BM','Helsya Fitriansyah','0','','AKTIF','helsya','1','6'),
('186','grobogan.kradenan@amartha.com','BM','Mukhamat Taufik Ahli','0','','AKTIF','mukhamat','1','6'),
('187','serang.kramatwatu@amartha.com','BM','Ilham','0','','AKTIF','ilham2','1','6'),
('188','mojokerto.kranggan@amartha.com','BM','Siti Mufidahtun Nisa','0','','AKTIF','siti5','1','6'),
('189','sidoarjo.krian@amartha.com','BM','Malikah','0','','AKTIF','malikah','1','6'),
('190','tangerang.kronjo@amartha.com','BM','Iman','0','','AKTIF','iman','1','6'),
('191','kuningan.kuningan@amartha.com','BM','Ika Octaviyana','0','','AKTIF','ika','1','6'),
('192','padang.kuranji@amartha.com','BM','Bunga Harmonis','0','','AKTIF','bunga','1','6'),
('193','kebumen.kutoarjo@amartha.com','BM','Nadia Islamadina','0','','AKTIF','nadia2','1','6'),
('194','pangkajene.labakkang@amartha.com','BM','Hari Wahyuni','0','','AKTIF','hari','1','6'),
('195','pandeglang.labuan@amartha.com','BM','Bayu Septiadi','0','','AKTIF','bayu2','1','6'),
('196','donggala.labuan@amartha.com','BM','Misbahuddin','0','','AKTIF','misbahuddin','1','6'),
('197','Kendari.laeya@amartha.com','BM','Irman Syam','0','','AKTIF','irman','1','6'),
('198','poso.lage@amartha.com','BM','Yanfred aprianus Ranonto','0','','AKTIF','yanfred','1','6'),
('199','lahat.lahat@amartha.com','BM','Wismoyo Aris Munandar','0','','AKTIF','wismoyo','1','6'),
('200','bone.lalabata@amartha.com','BM','Rudi Stira','0','','AKTIF','rudi','1','6'),
('201','palopo.lamasi@amartha.com','BM','Widyastuti Puspasari','0','','AKTIF','widyastuti','1','6'),
('202','lamongan.lamongan@amartha.com','BM','Karina Erlyana','0','','AKTIF','karina','1','6'),
('203','ciamis.langensari@amartha.com','BM','Nova Mulyawati','0','','AKTIF','nova','1','6'),
('204','payakumbuh.lareh@amartha.com','BM','Vany Ramadhani','0','','AKTIF','vany','1','6'),
('205','kolaka.lasusua@amartha.com','BM','Syamsir','0','','AKTIF','syamsir','1','6'),
('206','tegal.lebaksiu@amartha.com','BM','Yogi Wibowo','0','','AKTIF','yogi','1','6'),
('207','tangerang.legok@amartha.com','BM','Ahmad Afriyani','0','','AKTIF','ahmad','1','6'),
('208','majalengka.lemahsugi@amartha.com','BM','Mardani','0','','AKTIF','mardani','1','6'),
('209','solok.lembahgumanti@amartha.com','BM','Ferry Kurniawan','0','','AKTIF','ferry','1','6'),
('210','pasamanbarat.lembahmelintang@amartha.com','BM','Andry Viola','0','','AKTIF','andry','1','6'),
('211','ogankomeringilir.lempuing@amartha.com','BM','Al Paris','0','','AKTIF','al','1','6'),
('212','bogor.leuwiliang@amartha.com','BM','Irma Nur Ramah','0','','AKTIF','irma','1','6'),
('213','majalengka.leuwimunding@amartha.com','BM','Diki Nurfudiana','0','','AKTIF','diki','1','6'),
('214','majalengka.ligung@amartha.com','BM','Novia Avivah','0','','AKTIF','novia3','1','6'),
('215','solok.limakaum@amartha.com','BM','Gery Alfio','0','','AKTIF','gery','1','6'),
('216','batubara.limapuluh@amartha.com','BM','Eva mahdalena Sianturi','0','','AKTIF','eva2','1','6'),
('217','purworejo.loano@amartha.com','BM','Mariya Ulfah','0','','AKTIF','mariya','1','6'),
('218','nganjuk.loceret@amartha.com','BM','Betarta Fithrie Aji','0','','AKTIF','betarta','1','6'),
('219','pariaman.lubukalung@amartha.com','BM','Siwat','0','','AKTIF','siwat','1','6'),
('220','agam.lubukbasung@amartha.com','BM','Davitra','0','','AKTIF','davitra','1','6'),
('221','padang.lubukbegalung@amartha.com','BM','Mia Eka Fonda','0','','AKTIF','mia','1','6'),
('222','ogankomeringulu.lubukraja@amartha.com','BM','riana alveni','0','','AKTIF','riana','1','6'),
('223','solok.lubuksikarah@amartha.com','BM','Melgi Sandi Putri','0','','AKTIF','melgi','1','6'),
('224','lubuklinggau.lubuklinggautimur1@amartha.com','BM','Yulianda Dwi Oktavrianti','0','','AKTIF','yulianda','1','6'),
('225','kuningan.luragung@amartha.com','BM','Yati Sumiati','0','','AKTIF','yati2','1','6'),
('226','madiun.madiun@amartha.com','BM','Ach. Basofi Nadzir','0','','AKTIF','ach.','1','6'),
('227','pandeglang.majasari@amartha.com','BM','Ratih Sukaesih','0','','AKTIF','ratih2','1','6'),
('228','cilacap.majenang@amartha.com','BM','Peni','0','','AKTIF','peni','1','6'),
('229','kuningan.maleber@amartha.com','BM','Sri Wulan','0','','AKTIF','sri','1','6'),
('230','lebak.malingping@amartha.com','BM','Riyan','0','','AKTIF','riyan','1','6'),
('231','mamuju.mamuju@amartha.com','BM','Immas','0','','AKTIF','immas','1','6'),
('232','dumai.mandau@amartha.com','BM','Rissa Febrianti','0','','AKTIF','rissa','1','6'),
('233','takalar.mangarabombang@amartha.com','BM','Rahma','0','','AKTIF','rahma','1','6'),
('234','makassar.manggala@amartha.com','BM','Ryan anugrah','0','','AKTIF','ryan','1','6'),
('235','Palu.mantikulore@amartha.com','BM','Januario Melfant Djawal','0','','AKTIF','januario','1','6'),
('236','lamongan.mantup@amartha.com','BM','Rio Reghan Ghyanata','0','','AKTIF','rio','1','6'),
('237','makassar.mariso@amartha.com','BM','Nurrahmat Husain','0','','AKTIF','nurrahmat','1','6'),
('238','probolinggo.maron@amartha.com','BM','Dadang bhakti  sumengkar','0','','AKTIF','dadang','1','6'),
('239','pekanbaru.marpoyandamai@amartha.com','BM','Candra Junaidi','0','','AKTIF','candra','1','6'),
('240','ogankomeringulu.martapura@amartha.com','BM','Veronika selviana','0','','AKTIF','veronika','1','6'),
('241','palopo.masamba@amartha.com','BM','Yusnita Sudarman','0','','AKTIF','yusnita','1','6'),
('242','solo.masaran@amartha.com','BM','Roro Handayani','0','','AKTIF','roro','1','6'),
('243','tangerang.mauk@amartha.com','BM','Edo Yulianto','0','','AKTIF','edo2','1','6'),
('244','jepara.mayong@amartha.com','BM','Ma sum','0','','AKTIF','ma','1','6'),
('245','kotamedan.medanmarelan@amartha.com','BM','Bambang Wahyudi','0','','AKTIF','bambang','1','6'),
('246','kotamedan.medansunggal@amartha.com','BM','Chrismartin Celcius Lubis','0','','AKTIF','chrismartin','1','6'),
('247','lubuklinggau.magangsakti@amartha.com','BM','Susan Novita Herlina','0','','AKTIF','susan2','1','6'),
('248','madiun.mejayan@amartha.com','BM','Ana Zubaedah','0','','AKTIF','ana','1','6'),
('249','pandeglang.menes@amartha.com','BM','Anggi triyandi','0','','AKTIF','anggi2','1','6'),
('250','parigimoutong.mepanga@amartha.com','BM','Sinta Melsi','0','','AKTIF','sinta','1','6'),
('251','situbundo.mlandingan@amartha.com','BM','Nina Unun Yulista','0','','AKTIF','nina','1','6'),
('252','jepara.mlonggo@amartha.com','BM','Dana Ramega Sagita','0','','AKTIF','dana','1','6'),
('253','mojokerto.mojopacet@amartha.com','BM','Sujadi','0','','AKTIF','sujadi','1','6'),
('254','jombang.mojoagung@amartha.com','BM','Ely Ratnasari','0','','AKTIF','ely','1','6'),
('255','kotajambi.muarabelian@amartha.com','BM','Romy suhendra','0','','AKTIF','romy','1','6'),
('256','lahat.muaraenim@amartha.com','BM','Rahimon','0','','AKTIF','rahimon','1','6'),
('257','magelang.mungkid@amartha.com','BM','Rifki Jati Nur','0','','AKTIF','rifki','1','6'),
('258','sarolangun.nalotantan@amartha.com','BM','Sisi Santia','0','','AKTIF','sisi','1','6'),
('259','lampungselatan.natar@amartha.com','BM','Siuhendra Subing','0','','AKTIF','siuhendra','1','6'),
('260','wonogiri.ngadirojo@amartha.com','BM','Surati Mayasari','0','','AKTIF','surati','1','6'),
('261','diy.ngaglik@amartha.com','BM','Devita Meisella Indrasari','0','','AKTIF','devita','1','6'),
('262','semarang.ngalian@amartha.com','BM','Novia Tanti Hutarinda','0','','AKTIF','novia2','1','6'),
('263','kolaka.ngapa@amartha.com','BM','Yuni armita as','0','','AKTIF','yuni2','1','6'),
('264','kediri.ngasem@amartha.com','BM','Valentine Ajeng','0','','AKTIF','valentine2','1','6'),
('265','blora.ngawen@amartha.com','BM','Fitriya Wahyuningtyas','0','','AKTIF','fitriya','1','6'),
('266','ngawi.ngawi@amartha.com','BM','Yusfinda Harestiwi','0','','AKTIF','yusfinda','1','6'),
('267','lamongan.ngimbang@amartha.com','BM','Anggi','0','','AKTIF','anggi','1','6'),
('268','ngawi.ngrambe@amartha.com','BM','Mulyati Agustyaningsih','0','','AKTIF','mulyati','1','6'),
('269','nganjuk.ngronggot@amartha.com','BM','Nurjanah','0','','AKTIF','nurjanah','1','6'),
('270','tulungagung.ngunut@amartha.com','BM','Ahmad Adin Budiari','0','','AKTIF','ahmad2','1','6'),
('271','wonogiri.nguter@amartha.com','BM','Sunarsi','0','','AKTIF','sunarsi','1','6'),
('272','bandung.pacet@amartha.com','BM','Sery Wulan Nurefendi','0','','AKTIF','sery','1','6'),
('273','ogankomeringilir.pedamaran@amartha.com','BM','Ariska','0','','AKTIF','ariska','1','6'),
('274','serdangbedagai.padanghulu@amartha.com','BM','wahab abdi nasution','0','','AKTIF','wahab','1','6'),
('275','pariaman.padangpanjangbarat@amartha.com','BM','Riyanta Mitra Zulfa','0','','AKTIF','riyanta','1','6'),
('276','bojonegoro.padangan@amartha.com','BM','Vidy Justitian Pradana','0','','AKTIF','vidy2','1','6'),
('277','subang.pagaden@amartha.com','BM','Septiyana','0','','AKTIF','septiyana','1','6'),
('278','lahat.pagaralam@amartha.com','BM','R.A KUSUMA WARDANI','0','','AKTIF','r.a','1','6'),
('279','tanggamus.pagelaran@amartha.com','BM','M.Rendy Havez','0','','AKTIF','m.rendy','1','6'),
('280','magelang.pakis@amartha.com','BM','Aris Dianto','0','','AKTIF','aris','1','6'),
('281','parepare.palateang@amartha.com','BM','Fitriani Syarif','0','','AKTIF','fitriani','1','6'),
('282','cirebon.palimanan@amartha.com','BM','Sri Sunarti','0','','AKTIF','sri3','1','6'),
('283','gowa.palangga@amartha.com','BM','Asyhar','0','','AKTIF','asyhar','1','6'),
('284','palu.paluselatan@amartha.com','BM','Masnia','0','','AKTIF','masnia','1','6'),
('285','sarolangun.pemenang@amartha.com','BM','Fitri Ayu Andika','0','','AKTIF','fitri2','1','6'),
('286','poso.pamonapuselemba@amartha.com','BM','Jeni Mowose','0','','AKTIF','jeni','1','6'),
('287','situbondo.panarukan@amartha.com','BM','Bella Antonio S','0','','AKTIF','bella','1','6'),
('288','deliserdang.pancurbatu@amartha.com','BM','Arwin Suaidi Harahap','0','','AKTIF','arwin','1','6'),
('289','pasuruan.pandaan@amartha.com','BM','Dwi Ratna Pamungkas','0','','AKTIF','ratna','1','6'),
('290','bandung.pangalengan@amartha.com','BM','Yogi Ginanjar','0','','AKTIF','yogi2','1','6'),
('291','pangkajene.pangkajene@amartha.com','BM','Sri Risnawati','0','','AKTIF','sri4','1','6'),
('292','siak.pangkalankerinci@amartha.com','BM','Dicky Anggriawan','0','','AKTIF','dicky','1','6'),
('293','pandeglang.panimbang@amartha.com','BM','Busti Suryani','0','','AKTIF','busti2','1','6'),
('294','ciamis.panjalu@amartha.com','BM','Tatang Komara','0','','AKTIF','tatang','1','6'),
('295','situbondo.panji@amartha.com','BM','Misnadiyanto','0','','AKTIF','misnadiyanto','1','6'),
('296','kediri.pare@amartha.com','BM','Atika Julia Safitri','0','','AKTIF','atika','1','6'),
('297','pariaman.pariamantengah@amartha.com','BM','Epitri Yanti','0','','AKTIF','epitri','1','6'),
('298','parigimoutong.parigi@amartha.com','BM','Moh. Iqbal','0','','AKTIF','moh.','1','6'),
('299','parigimoutong.parigiutara@amartha.com','BM','Miftahul Khair','0','','AKTIF','miftahul','1','6'),
('300','ngawi.paron@amartha.com','BM','Sri Palupi Darmastuti Sukmana','0','','AKTIF','sri5','1','6'),
('301','pasamanbarat.pasaman@amartha.com','BM','Rido Farnanda','0','','AKTIF','rido','1','6'),
('302','Baubau.pasarwajo@amartha.com','BM','Nnining anjarwati','0','','AKTIF','nnining','1','6'),
('303','purwakarta.pesawahan@amartha.com','BM','Ardiansyah Penata Perdana','0','','AKTIF','ardiansyah','1','6'),
('304','bandung.pasirjambu@amartha.com','BM','Siti Nurlaena','0','','AKTIF','siti6','1','6'),
('305','subang.pasirkareumbi@amartha.com','BM','Sri Agustina Rahayu','0','','AKTIF','sri6','1','6'),
('306','jember.patrang@amartha.com','BM','Sherly Eka Astutik','0','','AKTIF','sherly','1','6'),
('307','indramayu.patrol@amartha.com','BM','Harunarosid','0','','AKTIF','harunarosid','1','6'),
('308','takalar.pattalasang@amartha.com','BM','Juliati','0','','AKTIF','juliati','1','6'),
('309','padang.pauh@amartha.com','BM','Novendry','0','','AKTIF','novendry','1','6'),
('310','payakumbuh.payakumbuhbarat@amartha.com','BM','Hendra Yuzar','0','','AKTIF','hendra','1','6'),
('311','jepara.pecangaan@amartha.com','BM','Nur cahyani Priyadi','0','','AKTIF','nur3','1','6'),
('312','deliserdang.percutseituan.@amartha.com','BM','Miduk Panggabean','0','','AKTIF','miduk','1','6'),
('313','karawang.pedes@amartha.com','BM','Soufi Laila Aisyah','0','','AKTIF','soufi2','1','6'),
('314','lampungtimur.pekalongan@amartha.com','BM','Jimi Juliansyah','0','','AKTIF','jimi','1','6'),
('315','pemalang.pemalangkota@amartha.com','BM','Pinpin Parlina','0','','AKTIF','pinpin','1','6'),
('316','lampungselatan.penengahan@amartha.com','BM','Firman Mughaffal','0','','AKTIF','firman','1','6'),
('317','serdangbedagai.perbaungan@amartha.com','BM','Wel Helmina Gurning','0','','AKTIF','wel','1','6'),
('318','kebumen.petanahan@amartha.com','BM','Suci Sholehaning Tias','0','','AKTIF','suci3','1','6'),
('319','pemalang.petarukan@amartha.com','BM','Beta Alfansing','0','','AKTIF','beta','1','6'),
('320','kediri.plemahan@amartha.com','BM','Thalia Eka Vatikasari','0','','AKTIF','thalia','1','6'),
('321','jombang.ploso@amartha.com','BM','Ahmad adin budiari','0','','AKTIF','ahmad3','1','6'),
('322','pasuruan.pohjentrek@amartha.com','BM','Dwi Ratna Pamungkas','0','','AKTIF','ratna3','1','6'),
('323','polman.polewali@amartha.com','BM','Zubaedah','0','','AKTIF','zubaedah','1','6'),
('324','kolaka.pomalaa@amartha.com','BM','Nur fadilah','0','','AKTIF','nur2','1','6'),
('325','Konawe.pondidaha@amartha.com','BM','Syamsinar','0','','AKTIF','syamsinar','1','6'),
('326','poso.posokota@amartha.com','BM','Farel permana','0','','AKTIF','farel','1','6'),
('327','poso.posokotaselatan@amartha.com','BM','Lamuji','0','','AKTIF','lamuji','1','6'),
('328','poso.posopesisirutara@amartha.com','BM','Asrun','0','','AKTIF','asrun','1','6'),
('329','oganilir.prabumulih@amartha.com','BM','Apriyanti','0','','AKTIF','apriyanti','1','6'),
('330','wonogiri.pracimantoro@amartha.com','BM','Arif Manuji','0','','AKTIF','arif','1','6'),
('331','ponorogo.pule@amartha.com','BM','Valentine Ajeng Saraswati','0','','AKTIF','valentine','1','6'),
('332','ponorogo.pulung@amartha.com','BM','Ayu Oktafia','0','','AKTIF','ayu','1','6'),
('333','banjarnegara.punggelan@amartha.com','BM','Leni Marniati','0','','AKTIF','leni','1','6'),
('334','mojokerto.puri@amartha.com','BM','Della Devina','0','','AKTIF','della','1','6'),
('335','kebumen.purworejo@amartha.com','BM','Anisa Nurul Eksani','0','','AKTIF','anisa2','1','6'),
('336','pasuruan.purwosari@amartha.com','BM','M. Hasan Asyari','0','','AKTIF','hasan','1','6'),
('337','ciamis.rajadesa@amartha.com','BM','Ade Kosasih','0','','AKTIF','ade','1','6'),
('338','pemalang.randudongkal@amartha.com','BM','Andas Galih Wibisono','0','','AKTIF','andas','1','6'),
('339','blora.randublatung@amartha.com','BM','Niko','0','','AKTIF','niko','1','6'),
('340','lebak.rangkasbitung@amartha.com','BM','Fahira falupi','0','','AKTIF','fahira','1','6'),
('341','Kendari.ranomeeto@amartha.com','BM','Anisah Rizki','0','','AKTIF','anisah','1','6'),
('342','makassar.rappocini@amartha.com','BM','Muh. Ridha','0','','AKTIF','muh.','1','6'),
('343','nganjuk.rejoso@amartha.com','BM','Arie Satria Hidayatulloh','0','','AKTIF','arie','1','6'),
('344','banyuwangi.rogojampi@amartha.com','BM','Muhammad Magus Sudana','0','','AKTIF','muhammad3','1','6'),
('345','pekanbaru.rumbai@amartha.com','BM','Andre Saputra','0','','AKTIF','andre','1','6'),
('346','ponorogo.sambit@amartha.com','BM','Septian Irvan rifai','0','','AKTIF','septian','1','6'),
('347','blitar.sananwetan@amartha.com','BM','Sheilla Monika Masturah','0','','AKTIF','sheilla2','1','6'),
('348','Sarolangun.Sarolangun@amartha.com','BM','Tri Septa Eviline','0','','AKTIF','tri','1','6'),
('349','palembang.kertapati@amartha.com','BM','bayu dwi saputro','0','','AKTIF','bayu3','1','6'),
('350','palembang.seberangulu2@amartha.com','BM','bayu sino prapto','0','','AKTIF','bayu4','1','6'),
('351','gresik.sedayu@amartha.com','BM','satrio','0','','AKTIF','satrio','1','6'),
('352','Serdangbedagai.seibamban@amartha.com','BM','Ria Devi Novita sari','0','','AKTIF','ria','1','6'),
('353','serdangbedagai.seirampah@amartha.com','BM','Jefri silitonga','0','','AKTIF','jefri','1','6'),
('354','banyuasin.sekayu@amartha.com','BM','Neni','0','','AKTIF','neni','1','6'),
('355','simalungun.siantar@amartha.com','BM','Elida pebriani situmorang','0','','AKTIF','elida','1','6'),
('356','Simalungun.siantarmartoba@amartha.com','BM','Bintang Hotriama Manik','0','','AKTIF','bintang','1','6'),
('357','pariaman.sicincin@amartha.com','BM','Ahmad Zakky','0','','AKTIF','ahmad4','1','6'),
('358','cilacap.sidareja@amartha.com','BM','Adatul Fitriah','0','','AKTIF','adatul','1','6'),
('359','surabaya.simokerto@amartha.com','BM','Anna Annisa Maghfiroh','0','','AKTIF','anna','1','6'),
('360','asahan.simpangempat@amartha.com','BM','Dia Pratiwi','0','','AKTIF','dia','1','6'),
('361','donggala.sindue@amartha.com','BM','Hendrik Aditya','0','','AKTIF','hendrik2','1','6'),
('362','sarolangun.singkut@amartha.com','BM','Sherly eka novita','0','','AKTIF','sherly2','1','6'),
('363','bone.sinjaiutara@amartha.com','BM','Ali Taba','0','','AKTIF','ali3','1','6'),
('364','banyumas.sokaraja@amartha.com','BM','Aulia Dzaki','0','','AKTIF','aulia','1','6'),
('365','pangkajene.soppengriaja@amartha.com','BM','Reskiyah Rasiva','0','','AKTIF','reskiyah','1','6'),
('366','parepare.soreang@amartha.com','BM','Eka Saputra','0','','AKTIF','eka','1','6'),
('367','kebumen.sruweng@amartha.com','BM','Enok Hilsi Nurazizah','0','','AKTIF','enok','1','6'),
('368','langkat.stabat@amartha.com','BM','Rian Gusti Palasta','0','','AKTIF','rian','1','6'),
('369','sukabumi.sukaraja@amartha.com','BM','Muhamad Ijul Muhtar','0','','AKTIF','muhamad','1','6'),
('370','banyuasin.sukarami@amartha.com','BM','bambang hermanto','0','','AKTIF','bambang2','1','6'),
('371','purwakarta.sukatani@amartha.com','BM','Misron Nasihin','0','','AKTIF','misron2','1','6'),
('372','karawang.sukatani@amartha.com','BM','Anita Sofiyah','0','','AKTIF','anita','1','6'),
('373','blitar.sukorejo@amartha.com','BM','Setyo Budi','0','','AKTIF','setyo','1','6'),
('374','blora.sulang@amartha.com','BM','Septiyan Danni','0','','AKTIF','septiyan','1','6'),
('375','banyumas.sumbang@amartha.com','BM','Dwi Anggita Nugroho','0','','AKTIF','anggita','1','6'),
('376','cirebon.sumber@amartha.com','BM','Dada Siti Nuraeni','0','','AKTIF','dada','1','6'),
('377','sumedang.sumedangutara@amartha.com','BM','Agus Mulyana','0','','AKTIF','agus','1','6'),
('378','banyuasin.sungaililin@amartha.com','BM','dwi anggraini nopriyanti','0','','AKTIF','anggraini','1','6'),
('379','pesisirselatan.sutera@amartha.com','BM','Hanifah Hadis Sukma','0','','AKTIF','hanifah','1','6'),
('380','jepara.tahunan@amartha.com','BM','Silviatul Rosidah','0','','AKTIF','silviatul','1','6'),
('381','majalengka.talaga@amartha.com','BM','Yudistira Januar','0','','AKTIF','yudistira','1','6'),
('382','banyuasin.talangkelapa@amartha.com','BM','riki rikardo','0','','AKTIF','riki','1','6'),
('383','tanggamus.talangpadang@amartha.com','BM','Malik Hidayat','0','','AKTIF','malik','1','6'),
('384','makassar.tallo@amartha.com','BM','Mahmuddin Subhan','0','','AKTIF','mahmuddin','1','6'),
('385','blitar.talun@amartha.com','BM','Putri Wahyuni','0','','AKTIF','putri4','1','6'),
('386','makassar.tamalate@amartha.com','BM','ardhyansyah mahrik','0','','AKTIF','ardhyansyah','1','6'),
('387','jeneponto.tamalatea@amartha.com','BM','Rizki ikbar','0','','AKTIF','rizki2','1','6'),
('388','madiun.taman@amartha.com','BM','Elfrida Oktaviasari','0','','AKTIF','elfrida','1','6'),
('389','bondowoso.tamanan@amartha.com','BM','Anisatus Syamsiah','0','','AKTIF','anisatus','1','6'),
('390','pekanbaru.tambang@amartha.com','BM','Elsi Rahma Putri','0','','AKTIF','elsi','1','6'),
('391','rokanhulu.tambusai@amartha.com','BM','henny purwasih','0','','AKTIF','henny','1','6'),
('392','bone.taneteriattang@amartha.com','BM','Rizqah','0','','AKTIF','rizqah','1','6'),
('393','pangkajene.taneterilau@amartha.com','BM','Muhammad Haidir','0','','AKTIF','muhammad2','1','6'),
('394','jember.tanggul@amartha.com','BM','Ahmad Wahab','0','','AKTIF','ahmad5','1','6'),
('395','lampungselatan.tanjungbintang@amartha.com','BM','Sinta Yulianti','0','','AKTIF','sinta2','1','6'),
('396','deliserdang.tanjungmorawa@amartha.com','BM','Agung Budiono','0','','AKTIF','agung','1','6'),
('397','langkat.tanjungpura@amartha.com','BM','Mawaddah','0','','AKTIF','mawaddah','1','6'),
('398','oganilir.tanjungraja@amartha.com','BM','Aldila Nikmathul Akbar','0','','AKTIF','aldila','1','6'),
('399','bandarlampung.tanjungsenang@amartha.com','BM','Yogi Tirama Nuza','0','','AKTIF','yogi3','1','6'),
('400','subang.tanjungsiang@amartha.com','BM','Sinta Marliana','0','','AKTIF','sinta3','1','6'),
('401','batubara.tanjungtiram@amartha.com','BM','Dwi Ira Habibi','0','','AKTIF','ira','1','6'),
('402','sumedang.tanjungsari@amartha.com','BM','Dwi Utomo','0','','AKTIF','dwi2','1','6'),
('403','bondowoso.tapen@amartha.com','BM','Diah Marsulina','0','','AKTIF','diah','1','6'),
('404','simalungun.tapiandolok@amartha.com','BM','Salamah Pratiwi','0','','AKTIF','salamah','1','6'),
('405','kediri.tarokan@amartha.com','BM','Alvian Pahlevi','0','','AKTIF','alvian','1','6'),
('406','tegal.tarub@amartha.com','BM','Sugiarti','0','','AKTIF','sugiarti','1','6'),
('407','donggala.tawaeli@amartha.com','BM','Ikhwan Amirul','0','','AKTIF','ikhwan','1','6'),
('408','kediri.tawangwates@amartha.com','BM','Tesa Abelia Madya Putri','0','','AKTIF','tesa','1','6'),
('409','kotajambi.telanaipura@amartha.com','BM','Khoirul Mustaqim','0','','AKTIF','khoirul','1','6'),
('410','bandarlampung.telukbetungbarat@amartha.com','BM','Christian Prasenda','0','','AKTIF','christian','1','6'),
('411','semarang.tembalang@amartha.com','BM','Wiwik Lestari','0','','AKTIF','wiwik','1','6'),
('412','bone.tempe@amartha.com','BM','Parawangsa','0','','AKTIF','parawangsa','1','6'),
('413','siak.tenayanraya@amartha.com','BM','Naik Juntiner Marpaung','0','','AKTIF','naik','1','6'),
('414','semarang.tengaran@amartha.com','BM','Khoiril Badriah','0','','AKTIF','khoiril','1','6'),
('415','bogor.tenjo@amartha.com','BM','Rino Kurniawan','0','','AKTIF','rino2','1','6'),
('416','lampungtengah.terbanggibesar@amartha.com','BM','Yuki Eka Pertiwi','0','','AKTIF','yuki','1','6'),
('417','indramayu.terisi@amartha.com','BM','Tendi Rustendi','0','','AKTIF','tendi','1','6'),
('418','lampungtengah.terusannyunyai@amartha.com','BM','Putra Arif Qudsi','0','','AKTIF','putra','1','6'),
('419','Konawe.tongauna@amartha.com','BM','Muhamad Surya Putra','0','','AKTIF','muhamad2','1','6'),
('420','grobogan.toroh@amartha.com','BM','Rina Rosanti','0','','AKTIF','rina','1','6'),
('421','parigimoutong.torue@amartha.com','BM','Lidia Yesiprima','0','','AKTIF','lidia','1','6'),
('422','mojokerto.trawas@amartha.com','BM','Chandra Kurniawan','0','','AKTIF','chandra','1','6'),
('423','ponorogo.trenggalekkota@amartha.com','BM','Dwi Apriyanti','0','','AKTIF','dwi','1','6'),
('424','lampungtengah.trimurejo@amartha.com','BM','Fiky Aprianto','0','','AKTIF','fiky','1','6'),
('425','siak.tualang@amartha.com','BM','Dikki Hermanto','0','','AKTIF','dikki','1','6'),
('426','lubuklinggau.tugumulyo@amartha.com','BM','Susan Novita Herlina','0','','AKTIF','susan','1','6'),
('427','tulangbawang.tulangbawangtengah@amartha.com','BM','Eva Adriyana','0','','AKTIF','eva3','1','6'),
('428','sidoarjo.tulangan@amartha.com','BM','Galih','0','','AKTIF','galih2','1','6'),
('429','semarang.tuntang@amartha.com','BM','Fitrian Aditya Hadiyanto','0','','AKTIF','fitrian','1','6'),
('430','jeneponto.ujungbulu@amartha.com','BM','yuni sarah','0','','AKTIF','yuni','1','6'),
('431','palopo.wara@amartha.com','BM','Hamka','0','','AKTIF','hamka','1','6'),
('432','sukabumi.warungkiara@amartha.com','BM','Sandi Juniarsih','0','','AKTIF','sandi','1','6'),
('433','parepare.watangsawitto@amartha.com','BM','Jumriani','0','','AKTIF','jumriani','1','6'),
('434','diy.wates@amartha.com','BM','Eko Budi Wicaksono','0','','AKTIF','eko','1','6'),
('435','Konawe.wawotobi@amartha.com','BM','Fitriyani Mamonto','0','','AKTIF','fitriyani','1','6'),
('436','lampungtimur.wayjepara@amartha.com','BM','Siti Fathonah','0','','AKTIF','siti7','1','6'),
('437','klaten.wedi@amartha.com','BM','Fajar Khasanah','0','','AKTIF','fajar2','1','6'),
('438','ngawi.widodaren@amartha.com','BM','Ayun Nugraheni','0','','AKTIF','ayun','1','6'),
('439','pekalongan.wiradesa@amartha.com','BM','Supri Astono','0','','AKTIF','supri','1','6'),
('440','grobogan.wirosari@amartha.com','BM','Sri Raswati','0','','AKTIF','sri2','1','6'),
('441','surabaya.wiyung@amartha.com','BM','Murtono','0','','AKTIF','murtono','1','6'),
('442','blitar.wlingi@amartha.com','BM','Nany Mahmudah','0','','AKTIF','nany2','1','6'),
('443','surabaya.wonokromo@amartha.com','BM','Maliki Anas','0','','AKTIF','maliki','1','6'),
('444','polman.wonomulyo@amartha.com','BM','Andi Rezki fatimah','0','','AKTIF','andi','1','6'),
('445','diy.wonosari@amartha.com','BM','Lathifatuz Zahroh','0','','AKTIF','lathifatuz','1','6'),
('446','pesisirselatan.9kototarusan@amartha.com','BM','Ricki Murti Prananda','0','','AKTIF','ricki','1','6'),
('447','restu.rahayu@amartha.com','QA Officer','Restu Rahayu','0','','AKTIF','restu','1','7'),
('448','eko.sutrisno@amartha.com','QA Officer','Eko Tri Sutrisno','0','','AKTIF','eko2','1','7'),
('449','rizki.santoso@amartha.com','Ops Risk Manager','Rizki Imam Santoso','0','','AKTIF','rizki3','1','7'),
('450','nadirah.syahnas@amartha.com','Ops Risk Manager','Nadirah Syahnas','0','','AKTIF','nadirah','1','7'),
('451','istiadi.prasetio@amartha.com','Ops Risk Manager','Istiadi Prasetio','0','','AKTIF','istiadi','1','7'),
('452','adityo.putranto@amartha.com','Head of Risk Management','Adityo Putranto','0','','AKTIF','adityo','1','7');



INSERT INTO "sop" ("id_sop", "judul", "kategori", "link_dokumen", "status", "pembuat")
VALUES
('1', 'Materi On-boarding BP v. Juli 2019','Operasional Point','https://sites.google.com/amartha.com/internal/lending/library/materi-training', 'AKTIF', '1'),
('2', 'SOP Bisnis Pembiayaan v. 3.0','Operasional Point','https://sites.google.com/amartha.com/internal/lending/policy-kebijakan/sop', 'AKTIF', '1'),
('3', 'Guidelines BP, SPV, BM, AM, RM','Operasional Point','https://sites.google.com/amartha.com/internal/lending/library/guidelines', 'AKTIF', '1');

INSERT INTO "risiko" ("id_risiko", "deskripsi", "detail_uraian", "ketentuan_sampel", "metodologi", "nama_risiko", "risiko_kategori", "status", "parent", "sop") 
VALUES 
('1', NULL, NULL, NULL, NULL, 'Administrasi', '1', 'AKTIF', NULL, '1'),
('2', NULL, NULL, NULL, NULL, 'Operasional Point', '2', 'AKTIF', '1', '1'),
('3', 
'QA Team melakukan pengecekan:
1. Kebersihan dan kerapihan Point
2. Mencuci peralatan dapur/ makan setelah digunakan
3. Tidak membiarkan tempat sampah di dalam rumah penuh
4. Tidak merokok di dalam rumah/ kantor dan tidak membuang puntung rokok sembarangan di luar lingkungan rumah', 
'Kebersihan Point meliputi:
1. Ruang Briefing
2. Ruang Teller
3. Ruang Arsip
4. Ruang Dapur
5. Kamar Mandi
6. Kamar Tidur',
NULL,
'Observasi', 'Kebersihan Point', '3', 'AKTIF', '2', '1'),
('4', 
'QA Team melakukan pengecekan kelengkapan dan jumlah inventaris sesuai dengan SOP',
'Kelengkapan inventaris meliputi:
1. Inventaris utama
2. Inventaris elektronik
3. Inventaris tambahan', 
NULL,
'Observasi', 'Kelengkapan Inventaris', '3', 'AKTIF', '2', '1'),
('5', 
'QA Team melakukan pengecekan:
1. Melaksanakan briefing pagi secara disiplin dan tepat waktu pukul 08.00
2. Mengisi Form Branch Daily Planning (BDP)
3. Mendiskusikan bersama BM terkait planning di hari tersebut',
'Briefing pagi meliputi:
1. Disiplin waktu
2. Branch Daily Planning
3. Evaluasi Agenda Harian Point
4. Rule Briefing',
NULL,
'Observasi', 'Briefing Pagi', '3', 'AKTIF', '2', '1');

INSERT INTO "risk_level" ("id_level", "bobot_level", "keterangan_level", "nama_level", "status", "pengelola") 
VALUES 
('1', '-4', 'High Risk', 'High Risk', 'AKTIF', '1'),
('2', '-2', 'Medium Risk', 'Medium Risk', 'AKTIF', '1'),
('3', '-1', 'Low Risk', 'Low Risk', 'AKTIF', '1'),
('4', '0', 'No Risk', 'No Risk', 'AKTIF', '1');

INSERT INTO "risk_rating" ("id_rating", "keterangan_rating", "nama_rating", "skor_maksimal", "skor_minimal", "pengelola")
VALUES
('1','Effective/ Efektif','Effective/ Efektif','100','93.76','7'),
('2','Moderately Effective/ Cukup Efektif','Moderately Effective/ Cukup Efektif','93.76','87.51','7'),
('3','Improvement Needed/ Perlu Perbaikan','Improvement Needed/ Perlu Perbaikan','87.51','75.01','7'),
('4','Significant Improvement Needed/ Perlu Perbaikan Siginifikan','Significant Improvement Needed/ Perlu Perbaikan Siginifikan','75.01','62.51','7'),
('5','Weak/ Lemah','Weak/ Lemah','62.51','0', '7');

INSERT INTO "kantor_cabang" ("id_kantor", "area", "kunjungan_audit", "nama_kantor", "regional", "status", "pembuat", "pemilik", "risk_rating") VALUES 
('1', 'Lampung Utara', FALSE, 'Abung Selatan', 'Lampung 1', 'AKTIF', '1', '6', '1'),
('2', 'Cilacap', FALSE, 'Adipala', 'Jawa Tengah 2', 'AKTIF', '1', '6', '1'),
('3', 'Tegal', FALSE, 'Adiwerna', 'Jawa Tengah 3', 'AKTIF', '1', '6', '1'),
('4', 'Asahan', FALSE, 'Air Joman', 'Sumatera Utara 1', 'AKTIF', '1', '6', '1'),
('5', 'Batu Bara', FALSE, 'Air Putih', 'Sumatera Utara 1', 'AKTIF', '1', '6', '1'),
('6', 'Banyumas', FALSE, 'Ajibarang', 'Jawa Tengah 2', 'AKTIF', '1', '6', '1'),
('7', 'Semarang', FALSE, 'Ambarawa', 'Jawa Tengah 4', 'AKTIF', '1', '6', '1'),
('8', 'Agam', FALSE, 'Ampe Angke', 'Sumatera Barat', 'AKTIF', '1', '6', '1'),
('9', 'Cirebon', FALSE, 'Arjawinangun', 'Jawa Barat 2', 'AKTIF', '1', '6', '1'),
('10', 'Situbondo', FALSE, 'Asembagus', 'Jawa Timur 5', 'AKTIF', '1', '6', '1'),
('11', 'Cirebon', TRUE, 'Astanajapura', 'Jawa Barat 2', 'AKTIF', '1', '6', '1'),
('12', 'Cirebon', FALSE, 'Babakan', 'Jawa Barat 2', 'AKTIF', '1', '6', '1'),
('13', 'Gowa', FALSE, 'Bajeng Barat', 'Sulawesi Selatan 1', 'AKTIF', '1', '6', '1'),
('14', 'Donggala', FALSE, 'Balaesang', 'Sulawesi Tengah', 'AKTIF', '1', '6', '1'),
('15', 'Yogyakarta', FALSE, 'Bambanglipuro', 'Jawa Tengah 1', 'AKTIF', '1', '6', '1'),
('16', 'Palu', FALSE, 'Banawa', 'Sulawesi Tengah', 'AKTIF', '1', '6', '1'),
('17', 'Tuban', FALSE, 'Bancar', 'Jawa Timur 4', 'AKTIF', '1', '6', '1'),
('18', 'Pekalongan', FALSE, 'Bandar', 'Jawa Tengah 3', 'AKTIF', '1', '6', '1'),
('19', 'Simalungun', FALSE, 'Bandar Simalungun', 'Sumatera Utara 1', 'AKTIF', '1', '6', '1'),
('20', 'Lampung Timur', FALSE, 'Bandar Sribawono', 'Lampung 1', 'AKTIF', '1', '6', '1'),
('21', 'Magelang', FALSE, 'Bandongan', 'Jawa Tengah 1', 'AKTIF', '1', '6', '1'),
('22', 'Tulungagung', FALSE, 'Bandung', 'Jawa Timur 2', 'AKTIF', '1', '6', '1'),
('23', 'Polman', FALSE, 'Banggae', 'Sulawesi Selatan 2', 'AKTIF', '1', '6', '1'),
('24', 'Pasuruan', FALSE, 'Bangil', 'Jawa Timur 1', 'AKTIF', '1', '6', '1'),
('25', 'Pekanbaru', FALSE, 'Bangkinang Kota', 'Riau', 'AKTIF', '1', '6', '1'),
('26', 'Banyuwangi', FALSE, 'Bangorejo', 'Jawa Timur 5', 'AKTIF', '1', '6', '1'),
('27', 'Mojokerto', FALSE, 'Bangsal', 'Jawa Timur 1', 'AKTIF', '1', '6', '1'),
('28', 'Yogyakarta', TRUE, 'Banguntapan', 'Jawa Tengah 1', 'AKTIF', '1', '6', '1'),
('29', 'Tulang Bawang', FALSE, 'Banjar Agung', 'Lampung 1', 'AKTIF', '1', '6', '1'),
('30', 'Tulang Bawang', FALSE, 'Banjar Margo', 'Lampung 1', 'AKTIF', '1', '6', '1'),
('31', 'Brebes', FALSE, 'Banjarharjo', 'Jawa Tengah 3', 'AKTIF', '1', '6', '1'),
('32', 'Solo', FALSE, 'Banjarsari', 'Jawa Tengah 1', 'AKTIF', '1', '6', '1'),
('33', 'Ciamis', FALSE, 'Banjarsari 2', 'Jawa Barat 3', 'AKTIF', '1', '6', '1'),
('34', 'Jeneponto', FALSE, 'Bantaeng', 'Sulawesi Selatan 1', 'AKTIF', '1', '6', '1'),
('35', 'Agam', FALSE, 'Banuhampu', 'Sumatera Barat', 'AKTIF', '1', '6', '1'),
('36', 'Palembang', FALSE, 'Banyuasin I', 'Sumatera Selatan 1', 'AKTIF', '1', '6', '1'),
('37', 'Banyuasin', FALSE, 'Banyuasin III', 'Sumatera Selatan 1', 'AKTIF', '1', '6', '1'),
('38', 'Banyumas', FALSE, 'Banyumas', 'Jawa Tengah 2', 'AKTIF', '1', '6', '1'),
('39', 'Tolitoli', FALSE, 'Baolan', 'Sulawesi Tengah', 'AKTIF', '1', '6', '1'),
('40', 'Gowa', FALSE, 'Barombong', 'Sulawesi Selatan 1', 'AKTIF', '1', '6', '1'),
('41', 'Serang', FALSE, 'Baros', 'Banten', 'AKTIF', '1', '6', '1'),
('42', 'Palopo', FALSE, 'Barra', 'Sulawesi Selatan 2', 'AKTIF', '1', '6', '1'),
('43', 'Agam', FALSE, 'Baso', 'Sumatera Barat', 'AKTIF', '1', '6', '1'),
('44', 'Lampung Timur', FALSE, 'Batanghari', 'Lampung 1', 'AKTIF', '1', '6', '1'),
('45', 'Baubau', FALSE, 'Batupoaro', 'Sulawesi Tenggara', 'AKTIF', '1', '6', '1'),
('46', 'Ogan Komering Ulu', FALSE, 'Baturaja Timur', 'Sumatera Selatan 1', 'AKTIF', '1', '6', '1'),
('47', 'Wonogiri', FALSE, 'Baturetno', 'Jawa Tengah 1', 'AKTIF', '1', '6', '1'),
('48', 'Pemalang', FALSE, 'Belik', 'Jawa Tengah 3', 'AKTIF', '1', '6', '1'),
('49', 'Ogan Komering Ulu', FALSE, 'Belitang', 'Sumatera Selatan 1', 'AKTIF', '1', '6', '1'),
('50', 'Gresik', FALSE, 'Benjeng', 'Jawa Timur 4', 'AKTIF', '1', '6', '1'),
('51', 'Nganjuk', TRUE, 'Berbek', 'Jawa Timur 2', 'AKTIF', '1', '6', '1'),
('52', 'Deli Serdang', FALSE, 'Beringin', 'Sumatera Utara 2', 'AKTIF', '1', '6', '1'),
('53', 'Bondowoso', FALSE, 'Besuki', 'Jawa Timur 5', 'AKTIF', '1', '6', '1'),
('54', 'Jeneponto', FALSE, 'Binamu', 'Sulawesi Selatan 1', 'AKTIF', '1', '6', '1'),
('55', 'Kota Medan', FALSE, 'Binjai Timur', 'Sumatera Utara 2', 'AKTIF', '1', '6', '1'),
('56', 'Palu', FALSE, 'Biromaru', 'Sulawesi Tengah', 'AKTIF', '1', '6', '1'),
('57', 'Malang', FALSE, 'Blimbing', 'Jawa Timur 2', 'AKTIF', '1', '6', '1'),
('58', 'Purwakarta', FALSE, 'Bojong', 'Jawa Barat 2', 'AKTIF', '1', '6', '1'),
('59', 'Tegal', FALSE, 'Bojong 2', 'Jawa Tengah 3', 'AKTIF', '1', '6', '1'),
('60', 'Cianjur', FALSE, 'Bojongpicung', 'Jawa Barat 1', 'AKTIF', '1', '6', '1'),
('61', 'Bondowoso', FALSE, 'Bondowoso', 'Jawa Timur 5', 'AKTIF', '1', '6', '1'),
('62', 'Palopo', FALSE, 'Bonebone', 'Sulawesi Selatan 2', 'AKTIF', '1', '6', '1'),
('63', 'Gowa', FALSE, 'Bontomarannu', 'Sulawesi Selatan 1', 'AKTIF', '1', '6', '1'),
('64', 'Gowa', FALSE, 'Bontonompo', 'Sulawesi Selatan 1', 'AKTIF', '1', '6', '1'),
('65', 'Bojonegoro', FALSE, 'Boureno', 'Jawa Timur 4', 'AKTIF', '1', '6', '1'),
('66', 'Tulungagung', FALSE, 'Boyolangu', 'Jawa Timur 2', 'AKTIF', '1', '6', '1'),
('67', 'Sumedang', FALSE, 'Buahdua', 'Jawa Barat 3', 'AKTIF', '1', '6', '1'),
('68', 'Partner', FALSE, 'Bukalapak', 'Partner', 'AKTIF', '1', '6', '1'),
('69', 'Lampung Utara', FALSE, 'Bukit Kemuning', 'Lampung 1', 'AKTIF', '1', '6', '1'),
('70', 'Brebes', TRUE, 'Bulakamba', 'Jawa Tengah 3', 'AKTIF', '1', '6', '1'),
('71', 'Brebes', TRUE, 'Bumiayu', 'Jawa Tengah 3', 'AKTIF', '1', '6', '1'),
('72', 'Tegal', FALSE, 'Bumijawa', 'Jawa Tengah 3', 'AKTIF', '1', '6', '1'),
('73', 'Subang', TRUE, 'Bunihayu', 'Jawa Barat 2', 'AKTIF', '1', '6', '1'),
('74', 'Karawang', FALSE, 'Cabangbungin', 'Jawa Barat 2', 'AKTIF', '1', '6', '1'),
('75', 'Cianjur', FALSE, 'Campaka', 'Jawa Barat 1', 'AKTIF', '1', '6', '1'),
('76', 'Polman', FALSE, 'Campalagian', 'Sulawesi Selatan 2', 'AKTIF', '1', '6', '1'),
('77', 'Bandung', TRUE, 'Cangkuang', 'Jawa Barat 1', 'AKTIF', '1', '6', '1'),
('78', 'Klaten', FALSE, 'Cawas', 'Jawa Tengah 1', 'AKTIF', '1', '6', '1'),
('79', 'Gresik', FALSE, 'Cerme', 'Jawa Timur 4', 'AKTIF', '1', '6', '1'),
('80', 'Kuningan', FALSE, 'Ciawigebang', 'Jawa Barat 3', 'AKTIF', '1', '6', '1'),
('81', 'Sukabumi', TRUE, 'Cibadak', 'Jawa Barat 1', 'AKTIF', '1', '6', '1'),
('82', 'Lebak', FALSE, 'Cibeber', 'Banten', 'AKTIF', '1', '6', '1'),
('83', 'Sukabumi', FALSE, 'Cicurug', 'Jawa Barat 1', 'AKTIF', '1', '6', '1'),
('84', 'Majalengka', TRUE, 'Cigasong', 'Jawa Barat 3', 'AKTIF', '1', '6', '1'),
('85', 'Ciamis', FALSE, 'Cijeungjing', 'Jawa Barat 3', 'AKTIF', '1', '6', '1'),
('86', 'Cianjur', FALSE, 'Cikalong Kulon', 'Jawa Barat 1', 'AKTIF', '1', '6', '1'),
('87', 'Serang', FALSE, 'Cikande', 'Banten', 'AKTIF', '1', '6', '1'),
('88', 'Lebak', FALSE, 'Cikulur', 'Banten', 'AKTIF', '1', '6', '1'),
('89', 'Cilacap', FALSE, 'Cilacap Selatan', 'Jawa Tengah 2', 'AKTIF', '1', '6', '1'),
('90', 'Cianjur', FALSE, 'Cilaku', 'Jawa Barat 1', 'AKTIF', '1', '6', '1'),
('91', 'Karawang', FALSE, 'Cilamaya Wetan', 'Jawa Barat 2', 'AKTIF', '1', '6', '1'),
('92', 'Kuningan', FALSE, 'Cilimus', 'Jawa Barat 3', 'AKTIF', '1', '6', '1'),
('93', 'Pandeglang', FALSE, 'Cimanuk', 'Banten', 'AKTIF', '1', '6', '1'),
('94', 'Lebak', FALSE, 'Cipanas', 'Banten', 'AKTIF', '1', '6', '1'),
('95', 'Bandung', FALSE, 'Ciparay', 'Jawa Barat 1', 'AKTIF', '1', '6', '1'),
('96', 'Serang', TRUE, 'Ciruas', 'Banten', 'AKTIF', '1', '6', '1'),
('97', 'Sukabumi', FALSE, 'Cisaat', 'Jawa Barat 1', 'AKTIF', '1', '6', '1'),
('98', 'Bogor', FALSE, 'Ciseeng', 'Jawa Barat 1', 'AKTIF', '1', '6', '1'),
('99', 'Sumedang', FALSE, 'Cisitu', 'Jawa Barat 3', 'AKTIF', '1', '6', '1'),
('100', 'Tangerang', FALSE, 'Cisoka', 'Banten', 'AKTIF', '1', '6', '1'),
('101', 'Serang', FALSE, 'Ciwandan', 'Banten', 'AKTIF', '1', '6', '1'),
('102', 'Banyuwangi', FALSE, 'Cluring', 'Jawa Timur 5', 'AKTIF', '1', '6', '1'),
('103', 'Sumedang', FALSE, 'Conggeang', 'Jawa Barat 3', 'AKTIF', '1', '6', '1'),
('104', 'Tolitoli', FALSE, 'Dampal Selatan', 'Sulawesi Tengah', 'AKTIF', '1', '6', '1'),
('105', 'Asahan', FALSE, 'Datuk Bandar Timur', 'Sumatera Utara 1', 'AKTIF', '1', '6', '1'),
('106', 'Klaten', FALSE, 'Delanggu', 'Jawa Tengah 1', 'AKTIF', '1', '6', '1'),
('107', 'Jombang', FALSE, 'Diwek', 'Jawa Timur 1', 'AKTIF', '1', '6', '1'),
('108', 'Madiun', FALSE, 'Dolopo', 'Jawa Timur 3', 'AKTIF', '1', '6', '1'),
('109', 'Tolitoli', FALSE, 'Dondo', 'Sulawesi Tengah', 'AKTIF', '1', '6', '1'),
('110', 'Probolinggo', FALSE, 'Dringgu', 'Jawa Timur 5', 'AKTIF', '1', '6', '1'),
('111', 'Dumai', FALSE, 'Dumai Selatan', '', 'AKTIF', '1', '6', '1'),
('112', 'Blora', FALSE, 'Gabus', 'Jawa Tengah 4', 'AKTIF', '1', '6', '1'),
('113', 'Pesawaran', FALSE, 'Gading Rejo', 'Lampung 2', 'AKTIF', '1', '6', '1'),
('114', 'Tolitoli', FALSE, 'Galang', 'Sulawesi Tengah', 'AKTIF', '1', '6', '1'),
('115', 'Takalar', FALSE, 'Galesong', 'Sulawesi Selatan 1', 'AKTIF', '1', '6', '1'),
('116', 'Takalar', FALSE, 'Galesong Selatan', 'Sulawesi Selatan 1', 'AKTIF', '1', '6', '1'),
('117', 'Tulungagung', FALSE, 'Gandusari', 'Jawa Timur 2', 'AKTIF', '1', '6', '1'),
('118', 'Blitar', FALSE, 'Garum', 'Jawa Timur 2', 'AKTIF', '1', '6', '1'),
('119', 'Sidoarjo', FALSE, 'Gedangan', 'Jawa Timur 1', 'AKTIF', '1', '6', '1'),
('120', 'Pesawaran', FALSE, 'Gedong Tataan', 'Lampung 2', 'AKTIF', '1', '6', '1'),
('121', 'Ogan Ilir', FALSE, 'Gelumbang', 'Sumatera Selatan 1', 'AKTIF', '1', '6', '1'),
('122', 'Solo', FALSE, 'Gemolong', 'Jawa Tengah 1', 'AKTIF', '1', '6', '1'),
('123', 'Banyuwangi', FALSE, 'Genteng', 'Jawa Timur 5', 'AKTIF', '1', '6', '1'),
('124', 'Tanggamus', FALSE, 'Gisting', 'Lampung 2', 'AKTIF', '1', '6', '1'),
('125', 'Kebumen', FALSE, 'Gombong', 'Jawa Tengah 2', 'AKTIF', '1', '6', '1'),
('126', 'Solo', FALSE, 'Gondang', 'Jawa Tengah 1', 'AKTIF', '1', '6', '1'),
('127', 'Nganjuk', FALSE, 'Gondang 2', 'Jawa Timur 2', 'AKTIF', '1', '6', '1'),
('128', 'Magelang', FALSE, 'Grabag', 'Jawa Tengah 1', 'AKTIF', '1', '6', '1'),
('129', 'Grobogan', FALSE, 'Gubug', 'Jawa Tengah 4', 'AKTIF', '1', '6', '1'),
('130', 'Jombang', FALSE, 'Gudo', 'Jawa Timur 1', 'AKTIF', '1', '6', '1'),
('131', 'Payakumbuh', FALSE, 'Guguak', 'Sumatera Barat', 'AKTIF', '1', '6', '1'),
('132', 'Solok', FALSE, 'Gunung Talang', 'Sumatera Barat', 'AKTIF', '1', '6', '1'),
('133', 'Payakumbuh', FALSE, 'Harau', 'Sumatera Barat', 'AKTIF', '1', '6', '1'),
('134', 'Subang', FALSE, 'Haurgeulis', 'Jawa Barat 2', 'AKTIF', '1', '6', '1'),
('135', 'Palembang', FALSE, 'Ilir Barat I', 'Sumatera Selatan 1', 'AKTIF', '1', '6', '1'),
('136', 'Ogan Ilir', FALSE, 'Indralaya', 'Sumatera Selatan 1', 'AKTIF', '1', '6', '1'),
('137', 'Indramayu', FALSE, 'Indramayu', 'Jawa Barat 2', 'AKTIF', '1', '6', '1'),
('138', 'Kota Jambi', FALSE, 'Jambi Timur', 'Sumatera Selatan 1', 'AKTIF', '1', '6', '1'),
('139', 'Bogor', FALSE, 'Jasinga', 'Jawa Barat 1', 'AKTIF', '1', '6', '1'),
('140', 'Indramayu', FALSE, 'Jatibarang', 'Jawa Barat 2', 'AKTIF', '1', '6', '1'),
('141', 'Brebes', FALSE, 'Jatibarang 2', 'Jawa Tengah 3', 'AKTIF', '1', '6', '1'),
('142', 'Klaten', FALSE, 'Jatinom', 'Jawa Tengah 1', 'AKTIF', '1', '6', '1'),
('143', 'Wonogiri', FALSE, 'Jatisrono', 'Jawa Tengah 1', 'AKTIF', '1', '6', '1'),
('144', 'Ponorogo', FALSE, 'Jenangan', 'Jawa Timur 3', 'AKTIF', '1', '6', '1'),
('145', 'Jember', TRUE, 'Jenggawah', 'Jawa Timur 5', 'AKTIF', '1', '6', '1'),
('146', 'Blora', FALSE, 'Jepon', 'Jawa Tengah 4', 'AKTIF', '1', '6', '1'),
('147', 'Cilacap', TRUE, 'Jeruklegi', 'Jawa Tengah 2', 'AKTIF', '1', '6', '1'),
('148', 'Madiun', FALSE, 'Jiwan', 'Jawa Timur 3', 'AKTIF', '1', '6', '1'),
('149', 'Klaten', FALSE, 'Jogonalan', 'Jawa Tengah 1', 'AKTIF', '1', '6', '1'),
('150', 'Jombang', FALSE, 'Jombang', 'Jawa Timur 1', 'AKTIF', '1', '6', '1'),
('151', 'Pesisir Selatan', FALSE, 'Jurai', 'Sumatera Barat', 'AKTIF', '1', '6', '1'),
('152', 'Banyuwangi', FALSE, 'Kabat', 'Jawa Timur 5', 'AKTIF', '1', '6', '1'),
('153', 'Kendari', FALSE, 'Kadia', 'Sulawesi Tenggara', 'AKTIF', '1', '6', '1'),
('154', 'Pekalongan', FALSE, 'Kajen', 'Jawa Tengah 3', 'AKTIF', '1', '6', '1'),
('155', 'Lampung Selatan', FALSE, 'Kalianda', 'Lampung 2', 'AKTIF', '1', '6', '1'),
('156', 'Palembang', FALSE, 'Kalidoni', 'Sumatera Selatan 1', 'AKTIF', '1', '6', '1'),
('157', 'Banjarnegara', FALSE, 'Kaligonda', 'Jawa Tengah 2', 'AKTIF', '1', '6', '1'),
('158', 'Banyuwangi', FALSE, 'Kalipuro', 'Jawa Timur 5', 'AKTIF', '1', '6', '1'),
('159', 'Lampung Tengah', FALSE, 'Kalirejo', 'Lampung 1', 'AKTIF', '1', '6', '1'),
('160', 'Jember', FALSE, 'Kalisat', 'Jawa Timur 5', 'AKTIF', '1', '6', '1'),
('161', 'Bojonegoro', FALSE, 'Kalitidu', 'Jawa Timur 4', 'AKTIF', '1', '6', '1'),
('162', 'Indramayu', FALSE, 'Kandang Haur', 'Jawa Barat 2', 'AKTIF', '1', '6', '1'),
('163', 'Blitar', FALSE, 'Kanigoro', 'Jawa Timur 2', 'AKTIF', '1', '6', '1'),
('164', 'Bojonegoro', FALSE, 'Kapas', 'Jawa Timur 4', 'AKTIF', '1', '6', '1'),
('165', 'Cianjur', FALSE, 'Karang Tengah', 'Jawa Barat 1', 'AKTIF', '1', '6', '1'),
('166', 'Solo', FALSE, 'Karanganyar', 'Jawa Tengah 1', 'AKTIF', '1', '6', '1'),
('167', 'Pekalongan', FALSE, 'Karanganyar 2', 'Jawa Tengah 3', 'AKTIF', '1', '6', '1'),
('168', 'Grobogan', FALSE, 'Karangawen', 'Jawa Tengah 4', 'AKTIF', '1', '6', '1'),
('169', 'Lamongan', FALSE, 'Karanggeneng', 'Jawa Timur 4', 'AKTIF', '1', '6', '1'),
('170', 'Ngawi', FALSE, 'Karangjati', 'Jawa Timur 3', 'AKTIF', '1', '6', '1'),
('171', 'Banyumas', FALSE, 'Karanglewas', 'Jawa Tengah 2', 'AKTIF', '1', '6', '1'),
('172', 'Parigi Mountong', FALSE, 'Kasimbar', 'Sulawesi Tengah', 'AKTIF', '1', '6', '1'),
('173', 'Ogan Komering Ilir', FALSE, 'Kayu Agung', 'Sumatera Selatan 1', 'AKTIF', '1', '6', '1'),
('174', 'Kebumen', FALSE, 'Kebumen', 'Jawa Tengah 2', 'AKTIF', '1', '6', '1'),
('175', 'Bandar Lampung', FALSE, 'Kedaton', 'Lampung 2', 'AKTIF', '1', '6', '1'),
('176', 'Pesawaran', FALSE, 'Kedondong', 'Lampung 2', 'AKTIF', '1', '6', '1'),
('177', 'Lamongan', FALSE, 'Kedungpring', 'Jawa Timur 4', 'AKTIF', '1', '6', '1'),
('178', 'Tulungagung', FALSE, 'Kedungwaru', 'Jawa Timur 2', 'AKTIF', '1', '6', '1'),
('179', 'Pekalongan', TRUE, 'Kedungwuni', 'Jawa Tengah 3', 'AKTIF', '1', '6', '1'),
('180', 'Banjarnegara', FALSE, 'Kejobong', 'Jawa Tengah 2', 'AKTIF', '1', '6', '1'),
('181', 'Bogor', FALSE, 'Kemang', 'Jawa Barat 1', 'AKTIF', '1', '6', '1'),
('182', 'Bandar Lampung', FALSE, 'Kemiling', 'Lampung 2', 'AKTIF', '1', '6', '1'),
('183', 'Purworejo', FALSE, 'Kemiri', 'Jawa Tengah 2', 'AKTIF', '1', '6', '1'),
('184', 'Mojokerto', FALSE, 'Kemlagi', 'Jawa Timur 1', 'AKTIF', '1', '6', '1'),
('185', 'Jember', TRUE, 'Kencong', 'Jawa Timur 5', 'AKTIF', '1', '6', '1'),
('186', 'Kendari', FALSE, 'Kendari Barat', 'Sulawesi Tenggara', 'AKTIF', '1', '6', '1'),
('187', 'Malang', TRUE, 'Kepanjen', 'Jawa Timur 2', 'AKTIF', '1', '6', '1'),
('188', 'Nganjuk', TRUE, 'Kertosono', 'Jawa Timur 2', 'AKTIF', '1', '6', '1'),
('189', 'Pasaman Barat', FALSE, 'Kinali', 'Sumatera Barat', 'AKTIF', '1', '6', '1'),
('190', 'Asahan', FALSE, 'Kisaran Barat', 'Sumatera Utara 1', 'AKTIF', '1', '6', '1'),
('191', 'Karawang', TRUE, 'Klari', 'Jawa Barat 2', 'AKTIF', '1', '6', '1'),
('192', 'Klaten', FALSE, 'Klaten Selatan', 'Jawa Tengah 1', 'AKTIF', '1', '6', '1'),
('193', 'Klaten', FALSE, 'Klaten Utara', 'Jawa Tengah 1', 'AKTIF', '1', '6', '1'),
('194', 'Baubau', FALSE, 'Kokalukuna', 'Sulawesi Tenggara', 'AKTIF', '1', '6', '1'),
('195', 'Kolaka', FALSE, 'Kolaka', 'Sulawesi Tenggara', 'AKTIF', '1', '6', '1'),
('196', 'Tanggamus', FALSE, 'Kota Agung', 'Lampung 2', 'AKTIF', '1', '6', '1'),
('197', 'Kota Jambi', FALSE, 'Kota Baru', 'Sumatera Selatan 1', 'AKTIF', '1', '6', '1'),
('198', 'Lampung Tengah', FALSE, 'Kota Gajah', 'Lampung 1', 'AKTIF', '1', '6', '1'),
('199', 'Lampung Timur', FALSE, 'Kota Metro', 'Lampung 1', 'AKTIF', '1', '6', '1'),
('200', 'Lampung Utara', FALSE, 'Kotabumi', 'Lampung 1', 'AKTIF', '1', '6', '1'),
('201', 'Padang', FALSE, 'Koto Tangah', 'Sumatera Barat', 'AKTIF', '1', '6', '1'),
('202', 'Grobogan', FALSE, 'Kradenan', 'Jawa Tengah 4', 'AKTIF', '1', '6', '1'),
('203', 'Serang', TRUE, 'Kramatwatu', 'Banten', 'AKTIF', '1', '6', '1'),
('204', 'Mojokerto', FALSE, 'Kranggan', 'Jawa Timur 1', 'AKTIF', '1', '6', '1'),
('205', 'Sidoarjo', TRUE, 'Krian', 'Jawa Timur 1', 'AKTIF', '1', '6', '1'),
('206', 'Tangerang', FALSE, 'Kronjo', 'Banten', 'AKTIF', '1', '6', '1'),
('207', 'Kuningan', FALSE, 'Kuningan', 'Jawa Barat 3', 'AKTIF', '1', '6', '1'),
('208', 'Padang', FALSE, 'Kuranji', 'Sumatera Barat', 'AKTIF', '1', '6', '1'),
('209', 'Banjarnegara', FALSE, 'Kutasari', 'Jawa Tengah 2', 'AKTIF', '1', '6', '1'),
('210', 'Purworejo', TRUE, 'Kutoarjo', 'Jawa Tengah 2', 'AKTIF', '1', '6', '1'),
('211', 'Pangkajene', FALSE, 'Labakkang', 'Sulawesi Selatan 2', 'AKTIF', '1', '6', '1'),
('212', 'Pandeglang', FALSE, 'Labuan', 'Banten', 'AKTIF', '1', '6', '1'),
('213', 'Donggala', FALSE, 'Labuan 2', 'Sulawesi Tengah', 'AKTIF', '1', '6', '1'),
('214', 'Kendari', FALSE, 'Laeya', 'Sulawesi Tenggara', 'AKTIF', '1', '6', '1'),
('215', 'Poso', FALSE, 'Lage', 'Sulawesi Tengah', 'AKTIF', '1', '6', '1'),
('216', 'Lahat', FALSE, 'Lahat', 'Sumatera Selatan 2', 'AKTIF', '1', '6', '1'),
('217', 'Bone', FALSE, 'Lalabata', 'Sulawesi Selatan 2', 'AKTIF', '1', '6', '1'),
('218', 'Palopo', FALSE, 'Lamasi', 'Sulawesi Selatan 2', 'AKTIF', '1', '6', '1'),
('219', 'Lamongan', FALSE, 'Lamongan', 'Jawa Timur 4', 'AKTIF', '1', '6', '1'),
('220', 'Ciamis', FALSE, 'Langensari', 'Jawa Barat 3', 'AKTIF', '1', '6', '1'),
('221', 'Payakumbuh', FALSE, 'Lareh', 'Sumatera Barat', 'AKTIF', '1', '6', '1'),
('222', 'Kolaka', FALSE, 'Lasusua', 'Sulawesi Tenggara', 'AKTIF', '1', '6', '1'),
('223', 'Tegal', FALSE, 'Lebaksiu', 'Jawa Tengah 3', 'AKTIF', '1', '6', '1'),
('224', 'Tangerang', TRUE, 'Legok', 'Banten', 'AKTIF', '1', '6', '1'),
('225', 'Majalengka', FALSE, 'Lemahsugih', 'Jawa Barat 3', 'AKTIF', '1', '6', '1'),
('226', 'Solok', FALSE, 'Lembah Gumanti', 'Sumatera Barat', 'AKTIF', '1', '6', '1'),
('227', 'Pasaman Barat', FALSE, 'Lembah Melintang', 'Sumatera Barat', 'AKTIF', '1', '6', '1'),
('228', 'Ogan Komering Ilir', FALSE, 'Lempuing', 'Sumatera Selatan 1', 'AKTIF', '1', '6', '1'),
('229', 'Bogor', TRUE, 'Leuwiliang', 'Jawa Barat 1', 'AKTIF', '1', '6', '1'),
('230', 'Majalengka', FALSE, 'Leuwimunding', 'Jawa Barat 3', 'AKTIF', '1', '6', '1'),
('231', 'Majalengka', FALSE, 'Ligung', 'Jawa Barat 3', 'AKTIF', '1', '6', '1'),
('232', 'Solok', FALSE, 'Lima Kaum', 'Sumatera Barat', 'AKTIF', '1', '6', '1'),
('233', 'Batu Bara', FALSE, 'Lima Puluh', 'Sumatera Utara 1', 'AKTIF', '1', '6', '1'),
('234', 'Purworejo', FALSE, 'Loano', 'Jawa Tengah 2', 'AKTIF', '1', '6', '1'),
('235', 'Nganjuk', FALSE, 'Loceret', 'Jawa Timur 2', 'AKTIF', '1', '6', '1'),
('236', 'Konawe', FALSE, 'Loea', 'Sulawesi Tenggara', 'AKTIF', '1', '6', '1'),
('237', 'Pariaman', FALSE, 'Lubuk Alung', 'Sumatera Barat', 'AKTIF', '1', '6', '1'),
('238', 'Agam', FALSE, 'Lubuk Basung', 'Sumatera Barat', 'AKTIF', '1', '6', '1'),
('239', 'Padang', FALSE, 'Lubuk Begalung', 'Sumatera Barat', 'AKTIF', '1', '6', '1'),
('240', 'Ogan Komering Ulu', FALSE, 'Lubuk Raja', 'Sumatera Selatan 1', 'AKTIF', '1', '6', '1'),
('241', 'Solok', FALSE, 'Lubuk Sikarah', 'Sumatera Barat', 'AKTIF', '1', '6', '1'),
('242', 'Lubuklinggau', FALSE, 'Lubuklinggau Barat I', 'Sumatera Selatan 2', 'AKTIF', '1', '6', '1'),
('243', 'Lubuklinggau', FALSE, 'Lubuklinggau Timur I', 'Sumatera Selatan 2', 'AKTIF', '1', '6', '1'),
('244', 'Kuningan', FALSE, 'Luragung', 'Jawa Barat 3', 'AKTIF', '1', '6', '1'),
('245', 'Madiun', FALSE, 'Madiun', 'Jawa Timur 3', 'AKTIF', '1', '6', '1'),
('246', 'Pandeglang', FALSE, 'Majasari', 'Banten', 'AKTIF', '1', '6', '1'),
('247', 'Cilacap', TRUE, 'Majenang', 'Jawa Tengah 2', 'AKTIF', '1', '6', '1'),
('248', 'Kuningan', FALSE, 'Maleber', 'Jawa Barat 3', 'AKTIF', '1', '6', '1'),
('249', 'Lebak', FALSE, 'Malingping', 'Banten', 'AKTIF', '1', '6', '1'),
('250', 'Mamuju', FALSE, 'Mamuju', 'Sulawesi Tengah', 'AKTIF', '1', '6', '1'),
('251', 'Banjarnegara', FALSE, 'Mandiraja', 'Jawa Tengah 2', 'AKTIF', '1', '6', '1'),
('252', 'Takalar', FALSE, 'Mangarabombang', 'Sulawesi Selatan 1', 'AKTIF', '1', '6', '1'),
('253', 'Makassar', FALSE, 'Manggala', 'Sulawesi Selatan 1', 'AKTIF', '1', '6', '1'),
('254', 'Palu', FALSE, 'Mantikulore', 'Sulawesi Tengah', 'AKTIF', '1', '6', '1'),
('255', 'Lamongan', FALSE, 'Mantup', 'Jawa Timur 4', 'AKTIF', '1', '6', '1'),
('256', 'Gresik', FALSE, 'Manyar', 'Jawa Timur 4', 'AKTIF', '1', '6', '1'),
('257', 'Magetan', FALSE, 'Maospati', 'Jawa Timur 3', 'AKTIF', '1', '6', '1'),
('258', 'Tegal', FALSE, 'Margasari', 'Jawa Tengah 3', 'AKTIF', '1', '6', '1'),
('259', 'Makassar', FALSE, 'Mariso', 'Sulawesi Selatan 1', 'AKTIF', '1', '6', '1'),
('260', 'Probolinggo', FALSE, 'Maron', 'Jawa Timur 5', 'AKTIF', '1', '6', '1'),
('261', 'Pekanbaru', FALSE, 'Marpoyan Damai', 'Riau', 'AKTIF', '1', '6', '1'),
('262', 'Ogan Komering Ulu', FALSE, 'Martapura', 'Sumatera Selatan 1', 'AKTIF', '1', '6', '1'),
('263', 'Palopo', FALSE, 'Masamba', 'Sulawesi Selatan 2', 'AKTIF', '1', '6', '1'),
('264', 'Solo', FALSE, 'Masaran', 'Jawa Tengah 1', 'AKTIF', '1', '6', '1'),
('265', 'Tangerang', FALSE, 'Mauk', 'Banten', 'AKTIF', '1', '6', '1'),
('266', 'Jepara', FALSE, 'Mayong', 'Jawa Tengah 4', 'AKTIF', '1', '6', '1'),
('267', 'Kota Medan', FALSE, 'Medan Marelan', 'Sumatera Utara 2', 'AKTIF', '1', '6', '1'),
('268', 'Kota Medan', FALSE, 'Medan Sunggal', 'Sumatera Utara 2', 'AKTIF', '1', '6', '1'),
('269', 'Kota Medan', FALSE, 'Medan Timur', 'Sumatera Utara 2', 'AKTIF', '1', '6', '1'),
('270', 'Lubuklinggau', FALSE, 'Megang Sakti', 'Sumatera Selatan 2', 'AKTIF', '1', '6', '1'),
('271', 'Madiun', TRUE, 'Mejayan', 'Jawa Timur 3', 'AKTIF', '1', '6', '1'),
('272', 'Pandeglang', FALSE, 'Menes', 'Banten', 'AKTIF', '1', '6', '1'),
('273', 'Parigi Mountong', FALSE, 'Mepanga', 'Sulawesi Tengah', 'AKTIF', '1', '6', '1'),
('274', 'Tuban', FALSE, 'Merakurak', 'Jawa Timur 4', 'AKTIF', '1', '6', '1'),
('275', 'Situbondo', FALSE, 'Mlandingan', 'Jawa Timur 5', 'AKTIF', '1', '6', '1'),
('276', 'Jepara', FALSE, 'Mlonggo', 'Jawa Tengah 4', 'AKTIF', '1', '6', '1'),
('277', 'Mojokerto', TRUE, 'Mojo Pacet', 'Jawa Timur 1', 'AKTIF', '1', '6', '1'),
('278', 'Jombang', TRUE, 'Mojoagung', 'Jawa Timur 1', 'AKTIF', '1', '6', '1'),
('279', 'Kota Jambi', FALSE, 'Muara Bulian', 'Sumatera Selatan 1', 'AKTIF', '1', '6', '1'),
('280', 'Lahat', FALSE, 'Muara Enim', 'Sumatera Selatan 2', 'AKTIF', '1', '6', '1'),
('281', 'Magelang', FALSE, 'Mungkid', 'Jawa Tengah 1', 'AKTIF', '1', '6', '1'),
('282', 'Sarolangun', FALSE, 'Nalo Tantan', 'Sumatera Selatan 2', 'AKTIF', '1', '6', '1'),
('283', 'Lampung Selatan', FALSE, 'Natar', 'Lampung 2', 'AKTIF', '1', '6', '1'),
('284', 'Wonogiri', FALSE, 'Ngadirojo', 'Jawa Tengah 1', 'AKTIF', '1', '6', '1'),
('285', 'Yogyakarta', FALSE, 'Ngaglik', 'Jawa Tengah 1', 'AKTIF', '1', '6', '1'),
('286', 'Semarang', FALSE, 'Ngaliyan', 'Jawa Tengah 4', 'AKTIF', '1', '6', '1'),
('287', 'Kolaka', FALSE, 'Ngapa', 'Sulawesi Tenggara', 'AKTIF', '1', '6', '1'),
('288', 'Magetan', FALSE, 'Ngariboyo', 'Jawa Timur 3', 'AKTIF', '1', '6', '1'),
('289', 'Kediri', TRUE, 'Ngasem', 'Jawa Timur 2', 'AKTIF', '1', '6', '1'),
('290', 'Blora', FALSE, 'Ngawen', 'Jawa Tengah 4', 'AKTIF', '1', '6', '1'),
('291', 'Ngawi', FALSE, 'Ngawi', 'Jawa Timur 3', 'AKTIF', '1', '6', '1'),
('292', 'Lamongan', FALSE, 'Ngimbang', 'Jawa Timur 4', 'AKTIF', '1', '6', '1'),
('293', 'Ngawi', FALSE, 'Ngrambe', 'Jawa Timur 3', 'AKTIF', '1', '6', '1'),
('294', 'Nganjuk', FALSE, 'Ngronggot', 'Jawa Timur 2', 'AKTIF', '1', '6', '1'),
('295', 'Tulungagung', FALSE, 'Ngunut', 'Jawa Timur 2', 'AKTIF', '1', '6', '1'),
('296', 'Wonogiri', FALSE, 'Nguter', 'Jawa Tengah 1', 'AKTIF', '1', '6', '1'),
('297', 'Bandung', FALSE, 'Pacet', 'Jawa Barat 1', 'AKTIF', '1', '6', '1'),
('298', 'Ogan Komering Ilir', FALSE, 'Padamaran', 'Sumatera Selatan 1', 'AKTIF', '1', '6', '1'),
('299', 'Serdang Bedagai', FALSE, 'Padang Hulu', 'Sumatera Utara 2', 'AKTIF', '1', '6', '1'),
('300', 'Pariaman', FALSE, 'Padang Panjang Barat', 'Sumatera Barat', 'AKTIF', '1', '6', '1'),
('301', 'Bojonegoro', FALSE, 'Padangan', 'Jawa Timur 4', 'AKTIF', '1', '6', '1'),
('302', 'Subang', FALSE, 'Pagaden', 'Jawa Barat 2', 'AKTIF', '1', '6', '1'),
('303', 'Lahat', FALSE, 'Pagaralam', 'Sumatera Selatan 2', 'AKTIF', '1', '6', '1'),
('304', 'Tanggamus', FALSE, 'Pagelaran', 'Lampung 2', 'AKTIF', '1', '6', '1'),
('305', 'Probolinggo', FALSE, 'Paiton', 'Jawa Timur 5', 'AKTIF', '1', '6', '1'),
('306', 'Magelang', FALSE, 'Pakis', 'Jawa Tengah 1', 'AKTIF', '1', '6', '1'),
('307', 'Parepare', FALSE, 'Paleteang', 'Sulawesi Selatan 2', 'AKTIF', '1', '6', '1'),
('308', 'Cirebon', FALSE, 'Palimanan', 'Jawa Barat 2', 'AKTIF', '1', '6', '1'),
('309', 'Gowa', FALSE, 'Pallangga', 'Sulawesi Selatan 1', 'AKTIF', '1', '6', '1'),
('310', 'Palu', FALSE, 'Palu Selatan', 'Sulawesi Tengah', 'AKTIF', '1', '6', '1'),
('311', 'Sarolangun', FALSE, 'Pamenang', 'Sumatera Selatan 2', 'AKTIF', '1', '6', '1'),
('312', 'Poso', FALSE, 'Pamona Puselemba', 'Sulawesi Tengah', 'AKTIF', '1', '6', '1'),
('313', 'Situbondo', FALSE, 'Panarukan', 'Jawa Timur 5', 'AKTIF', '1', '6', '1'),
('314', 'Deli Serdang', FALSE, 'Pancur Batu', 'Sumatera Utara 2', 'AKTIF', '1', '6', '1'),
('315', 'Pasuruan', FALSE, 'Pandaan', 'Jawa Timur 1', 'AKTIF', '1', '6', '1'),
('316', 'Magetan', FALSE, 'Panekan', 'Jawa Timur 3', 'AKTIF', '1', '6', '1'),
('317', 'Bandung', FALSE, 'Pangalengan', 'Jawa Barat 1', 'AKTIF', '1', '6', '1'),
('318', 'Pangkajene', FALSE, 'Pangkajene', 'Sulawesi Selatan 2', 'AKTIF', '1', '6', '1'),
('319', 'Siak', FALSE, 'Pangkalan Kerinci', 'Riau', 'AKTIF', '1', '6', '1'),
('320', 'Pandeglang', FALSE, 'Panimbang', 'Banten', 'AKTIF', '1', '6', '1'),
('321', 'Ciamis', TRUE, 'Panjalu', 'Jawa Barat 3', 'AKTIF', '1', '6', '1'),
('322', 'Situbondo', FALSE, 'Panji', 'Jawa Timur 5', 'AKTIF', '1', '6', '1'),
('323', 'Kediri', TRUE, 'Pare', 'Jawa Timur 2', 'AKTIF', '1', '6', '1'),
('324', 'Pariaman', FALSE, 'Pariaman Tengah', 'Sumatera Barat', 'AKTIF', '1', '6', '1'),
('325', 'Parigi Mountong', FALSE, 'Parigi', 'Sulawesi Tengah', 'AKTIF', '1', '6', '1'),
('326', 'Parigi Mountong', FALSE, 'Parigi Utara', 'Sulawesi Tengah', 'AKTIF', '1', '6', '1'),
('327', 'Ngawi', FALSE, 'Paron', 'Jawa Timur 3', 'AKTIF', '1', '6', '1'),
('328', 'Pasaman Barat', FALSE, 'Pasaman', 'Sumatera Barat', 'AKTIF', '1', '6', '1'),
('329', 'Mamuju', FALSE, 'Pasangkayu', 'Sulawesi Tengah', 'AKTIF', '1', '6', '1'),
('330', 'Baubau', FALSE, 'Pasarwajo', 'Sulawesi Tenggara', 'AKTIF', '1', '6', '1'),
('331', 'Purwakarta', TRUE, 'Pasawahan', 'Jawa Barat 2', 'AKTIF', '1', '6', '1'),
('332', 'Bandung', FALSE, 'Pasir Jambu', 'Jawa Barat 1', 'AKTIF', '1', '6', '1'),
('333', 'Subang', FALSE, 'Pasirkareumbi', 'Jawa Barat 2', 'AKTIF', '1', '6', '1'),
('334', 'Jember', FALSE, 'Patrang', 'Jawa Timur 5', 'AKTIF', '1', '6', '1'),
('335', 'Indramayu', FALSE, 'Patrol', 'Jawa Barat 2', 'AKTIF', '1', '6', '1'),
('336', 'Takalar', FALSE, 'Pattallassang', 'Sulawesi Selatan 1', 'AKTIF', '1', '6', '1'),
('337', 'Padang', FALSE, 'Pauh', 'Sumatera Barat', 'AKTIF', '1', '6', '1'),
('338', 'Payakumbuh', FALSE, 'Payakumbuh Barat', 'Sumatera Barat', 'AKTIF', '1', '6', '1'),
('339', 'Jepara', FALSE, 'Pecangaan', 'Jawa Tengah 4', 'AKTIF', '1', '6', '1'),
('340', 'Deli Serdang', FALSE, 'Pecut Sei Tuan', 'Sumatera Utara 2', 'AKTIF', '1', '6', '1'),
('341', 'Karawang', FALSE, 'Pedes', 'Jawa Barat 2', 'AKTIF', '1', '6', '1'),
('342', 'Lampung Timur', FALSE, 'Pekalongan', 'Lampung 1', 'AKTIF', '1', '6', '1'),
('343', 'Pemalang', FALSE, 'Pemalang Kota', 'Jawa Tengah 3', 'AKTIF', '1', '6', '1'),
('344', 'Lampung Selatan', FALSE, 'Penengahan', 'Lampung 2', 'AKTIF', '1', '6', '1'),
('345', 'Serdang Bedagai', FALSE, 'Perbaungan', 'Sumatera Utara 2', 'AKTIF', '1', '6', '1'),
('346', 'Kebumen', FALSE, 'Petanahan', 'Jawa Tengah 2', 'AKTIF', '1', '6', '1'),
('347', 'Pemalang', FALSE, 'Petarukan', 'Jawa Tengah 3', 'AKTIF', '1', '6', '1'),
('348', 'Magetan', FALSE, 'Plaosan', 'Jawa Timur 3', 'AKTIF', '1', '6', '1'),
('349', 'Kediri', TRUE, 'Plemahan', 'Jawa Timur 2', 'AKTIF', '1', '6', '1'),
('350', 'Jombang', FALSE, 'Ploso', 'Jawa Timur 1', 'AKTIF', '1', '6', '1'),
('351', 'Tuban', FALSE, 'Plumpang', 'Jawa Timur 4', 'AKTIF', '1', '6', '1'),
('352', 'Pasuruan', FALSE, 'Pohjentrek', 'Jawa Timur 1', 'AKTIF', '1', '6', '1'),
('353', 'Area WO', FALSE, 'Point WO', '', 'AKTIF', '1', '6', '1'),
('354', 'Klaten', TRUE, 'Polanharjo', 'Jawa Tengah 1', 'AKTIF', '1', '6', '1'),
('355', 'Polman', FALSE, 'Polewali', 'Sulawesi Selatan 2', 'AKTIF', '1', '6', '1'),
('356', 'Kolaka', FALSE, 'Pomalaa', 'Sulawesi Tenggara', 'AKTIF', '1', '6', '1'),
('357', 'Konawe', FALSE, 'Pondidaha', 'Sulawesi Tenggara', 'AKTIF', '1', '6', '1'),
('358', 'Poso', FALSE, 'Poso Kota', 'Sulawesi Tengah', 'AKTIF', '1', '6', '1'),
('359', 'Poso', FALSE, 'Poso Kota Selatan', 'Sulawesi Tengah', 'AKTIF', '1', '6', '1'),
('360', 'Poso', FALSE, 'Poso Pesisir Utara', 'Sulawesi Tengah', 'AKTIF', '1', '6', '1'),
('361', 'Ogan Ilir', FALSE, 'Prabumulih', 'Sumatera Selatan 1', 'AKTIF', '1', '6', '1'),
('362', 'Wonogiri', FALSE, 'Pracimantoro', 'Jawa Tengah 1', 'AKTIF', '1', '6', '1'),
('363', 'Ponorogo', FALSE, 'Pule', 'Jawa Timur 3', 'AKTIF', '1', '6', '1'),
('364', 'Ponorogo', FALSE, 'Pulung', 'Jawa Timur 3', 'AKTIF', '1', '6', '1'),
('365', 'Banjarnegara', FALSE, 'Punggelan', 'Jawa Tengah 2', 'AKTIF', '1', '6', '1'),
('366', 'Mojokerto', FALSE, 'Puri', 'Jawa Timur 1', 'AKTIF', '1', '6', '1'),
('367', 'Purworejo', TRUE, 'Purworejo', 'Jawa Tengah 2', 'AKTIF', '1', '6', '1'),
('368', 'Pasuruan', FALSE, 'Purwosari', 'Jawa Timur 1', 'AKTIF', '1', '6', '1'),
('369', 'Ciamis', TRUE, 'Rajadesa', 'Jawa Barat 3', 'AKTIF', '1', '6', '1'),
('370', 'Pemalang', FALSE, 'Randu Dongkal', 'Jawa Tengah 3', 'AKTIF', '1', '6', '1'),
('371', 'Blora', FALSE, 'Randublatung', 'Jawa Tengah 4', 'AKTIF', '1', '6', '1'),
('372', 'Lebak', FALSE, 'Rangkasbitung', 'Banten', 'AKTIF', '1', '6', '1'),
('373', 'Kendari', FALSE, 'Ranomeeto', 'Sulawesi Tenggara', 'AKTIF', '1', '6', '1'),
('374', 'Makassar', FALSE, 'Rappocini', 'Sulawesi Selatan 1', 'AKTIF', '1', '6', '1'),
('375', 'Nganjuk', FALSE, 'Rejoso', 'Jawa Timur 2', 'AKTIF', '1', '6', '1'),
('376', 'Banyuwangi', FALSE, 'Rogojampi', 'Jawa Timur 5', 'AKTIF', '1', '6', '1'),
('377', 'Pekanbaru', FALSE, 'Rumbai', 'Riau', 'AKTIF', '1', '6', '1'),
('378', 'Ponorogo', FALSE, 'Sambit', 'Jawa Timur 3', 'AKTIF', '1', '6', '1'),
('379', 'Blitar', TRUE, 'Sananwetan', 'Jawa Timur 2', 'AKTIF', '1', '6', '1'),
('380', 'Sarolangun', FALSE, 'Sarolangun', 'Sumatera Selatan 2', 'AKTIF', '1', '6', '1'),
('381', 'Palembang', FALSE, 'Seberang Ulu I', 'Sumatera Selatan 1', 'AKTIF', '1', '6', '1'),
('382', 'Palembang', FALSE, 'Seberang Ulu II', 'Sumatera Selatan 1', 'AKTIF', '1', '6', '1'),
('383', 'Gresik', FALSE, 'Sedayu', 'Jawa Timur 4', 'AKTIF', '1', '6', '1'),
('384', 'Serdang Bedagai', FALSE, 'Sei Bamban', 'Sumatera Utara 2', 'AKTIF', '1', '6', '1'),
('385', 'Serdang Bedagai', FALSE, 'Sei Rampah', 'Sumatera Utara 2', 'AKTIF', '1', '6', '1'),
('386', 'Banyuasin', FALSE, 'Sekayu', 'Sumatera Selatan 1', 'AKTIF', '1', '6', '1'),
('387', 'Yogyakarta', FALSE, 'Seyegan', 'Jawa Tengah 1', 'AKTIF', '1', '6', '1'),
('388', 'Simalungun', FALSE, 'Siantar', 'Sumatera Utara 1', 'AKTIF', '1', '6', '1'),
('389', 'Simalungun', FALSE, 'Siantar Martoba', 'Sumatera Utara 1', 'AKTIF', '1', '6', '1'),
('390', 'Pariaman', FALSE, 'Sicincin', 'Sumatera Barat', 'AKTIF', '1', '6', '1'),
('391', 'Cilacap', FALSE, 'Sidareja', 'Jawa Tengah 2', 'AKTIF', '1', '6', '1'),
('392', 'Lampung Selatan', FALSE, 'Sidomulyo', 'Lampung 2', 'AKTIF', '1', '6', '1'),
('393', 'Surabaya', FALSE, 'Simokerto', 'Jawa Timur 4', 'AKTIF', '1', '6', '1'),
('394', 'Asahan', FALSE, 'Simpang Empat', 'Sumatera Utara 1', 'AKTIF', '1', '6', '1'),
('395', 'Donggala', FALSE, 'Sindue', 'Sulawesi Tengah', 'AKTIF', '1', '6', '1'),
('396', 'Sarolangun', FALSE, 'Singkut', 'Sumatera Selatan 2', 'AKTIF', '1', '6', '1'),
('397', 'Malang', FALSE, 'Singosari', 'Jawa Timur 2', 'AKTIF', '1', '6', '1'),
('398', 'Bone', FALSE, 'Sinjai Utara', 'Sulawesi Selatan 2', 'AKTIF', '1', '6', '1'),
('399', 'Banyumas', TRUE, 'Sokaraja', 'Jawa Tengah 2', 'AKTIF', '1', '6', '1'),
('400', 'Tuban', FALSE, 'Soko', 'Jawa Timur 4', 'AKTIF', '1', '6', '1'),
('401', 'Pangkajene', FALSE, 'Soppeng Riaja', 'Sulawesi Selatan 2', 'AKTIF', '1', '6', '1'),
('402', 'Parepare', FALSE, 'Soreang', 'Sulawesi Selatan 2', 'AKTIF', '1', '6', '1'),
('403', 'Kebumen', FALSE, 'Sruweng', 'Jawa Tengah 2', 'AKTIF', '1', '6', '1'),
('404', 'Langkat', FALSE, 'Stabat', 'Sumatera Utara 2', 'AKTIF', '1', '6', '1'),
('405', 'Sukabumi', TRUE, 'Sukaraja', 'Jawa Barat 1', 'AKTIF', '1', '6', '1'),
('406', 'Banyuasin', FALSE, 'Sukarami', 'Sumatera Selatan 1', 'AKTIF', '1', '6', '1'),
('407', 'Purwakarta', FALSE, 'Sukatani', 'Jawa Barat 2', 'AKTIF', '1', '6', '1'),
('408', 'Karawang', FALSE, 'Sukatani 2', 'Jawa Barat 2', 'AKTIF', '1', '6', '1'),
('409', 'Blitar', FALSE, 'Sukorejo', 'Jawa Timur 2', 'AKTIF', '1', '6', '1'),
('410', 'Blora', FALSE, 'Sulang', 'Jawa Tengah 4', 'AKTIF', '1', '6', '1'),
('411', 'Banyumas', FALSE, 'Sumbang', 'Jawa Tengah 2', 'AKTIF', '1', '6', '1'),
('412', 'Cirebon', FALSE, 'Sumber', 'Jawa Barat 2', 'AKTIF', '1', '6', '1'),
('413', 'Probolinggo', FALSE, 'Sumberasih', 'Jawa Timur 5', 'AKTIF', '1', '6', '1'),
('414', 'Sumedang', FALSE, 'Sumedang Utara', 'Jawa Barat 3', 'AKTIF', '1', '6', '1'),
('415', 'Banyuasin', FALSE, 'Sungai Lilin', 'Sumatera Selatan 1', 'AKTIF', '1', '6', '1'),
('416', 'Pesisir Selatan', FALSE, 'Sutera', 'Sumatera Barat', 'AKTIF', '1', '6', '1'),
('417', 'Jepara', FALSE, 'Tahunan', 'Jawa Tengah 4', 'AKTIF', '1', '6', '1'),
('418', 'Majalengka', TRUE, 'Talaga', 'Jawa Barat 3', 'AKTIF', '1', '6', '1'),
('419', 'Banyuasin', FALSE, 'Talang Kelapa', 'Sumatera Selatan 1', 'AKTIF', '1', '6', '1'),
('420', 'Tanggamus', FALSE, 'Talang Padang', 'Lampung 2', 'AKTIF', '1', '6', '1'),
('421', 'Makassar', FALSE, 'Tallo', 'Sulawesi Selatan 1', 'AKTIF', '1', '6', '1'),
('422', 'Blitar', FALSE, 'Talun', 'Jawa Timur 2', 'AKTIF', '1', '6', '1'),
('423', 'Makassar', FALSE, 'Tamalate', 'Sulawesi Selatan 1', 'AKTIF', '1', '6', '1'),
('424', 'Jeneponto', FALSE, 'Tamalatea', 'Sulawesi Selatan 1', 'AKTIF', '1', '6', '1'),
('425', 'Madiun', FALSE, 'Taman', 'Jawa Timur 3', 'AKTIF', '1', '6', '1'),
('426', 'Sidoarjo', FALSE, 'Taman 1', 'Jawa Timur 1', 'AKTIF', '1', '6', '1'),
('427', 'Bondowoso', FALSE, 'Tamanan', 'Jawa Timur 5', 'AKTIF', '1', '6', '1'),
('428', 'Pekanbaru', FALSE, 'Tambang', 'Riau', 'AKTIF', '1', '6', '1'),
('429', 'Rokan Hulu', FALSE, 'Tambusai', 'Riau', 'AKTIF', '1', '6', '1'),
('430', 'Bone', FALSE, 'Tanete Riattang', 'Sulawesi Selatan 2', 'AKTIF', '1', '6', '1'),
('431', 'Pangkajene', FALSE, 'Tanete Rilau', 'Sulawesi Selatan 2', 'AKTIF', '1', '6', '1'),
('432', 'Jember', TRUE, 'Tanggul', 'Jawa Timur 5', 'AKTIF', '1', '6', '1'),
('433', 'Sidoarjo', FALSE, 'Tanggulangin', 'Jawa Timur 1', 'AKTIF', '1', '6', '1'),
('434', 'Lampung Selatan', FALSE, 'Tanjung Bintang', 'Lampung 2', 'AKTIF', '1', '6', '1'),
('435', 'Deli Serdang', FALSE, 'Tanjung Morawa', 'Sumatera Utara 2', 'AKTIF', '1', '6', '1'),
('436', 'Langkat', FALSE, 'Tanjung Pura', 'Sumatera Utara 2', 'AKTIF', '1', '6', '1'),
('437', 'Ogan Ilir', FALSE, 'Tanjung Raja', 'Sumatera Selatan 1', 'AKTIF', '1', '6', '1'),
('438', 'Bandar Lampung', FALSE, 'Tanjung Senang', 'Lampung 2', 'AKTIF', '1', '6', '1'),
('439', 'Subang', FALSE, 'Tanjung Siang', 'Jawa Barat 2', 'AKTIF', '1', '6', '1'),
('440', 'Batu Bara', FALSE, 'Tanjung Tiram', 'Sumatera Utara 1', 'AKTIF', '1', '6', '1'),
('441', 'Sumedang', TRUE, 'Tanjungsari', 'Jawa Barat 3', 'AKTIF', '1', '6', '1'),
('442', 'Mamuju', FALSE, 'Tapalang', 'Sulawesi Tengah', 'AKTIF', '1', '6', '1'),
('443', 'Bondowoso', FALSE, 'Tapen', 'Jawa Timur 5', 'AKTIF', '1', '6', '1'),
('444', 'Simalungun', FALSE, 'Tapian Dolok', 'Sumatera Utara 1', 'AKTIF', '1', '6', '1'),
('445', 'Kediri', FALSE, 'Tarokan', 'Jawa Timur 2', 'AKTIF', '1', '6', '1'),
('446', 'Tegal', FALSE, 'Tarub', 'Jawa Tengah 3', 'AKTIF', '1', '6', '1'),
('447', 'Donggala', FALSE, 'Tawaeli', 'Sulawesi Tengah', 'AKTIF', '1', '6', '1'),
('448', 'Kediri', FALSE, 'Tawang', 'Jawa Timur 2', 'AKTIF', '1', '6', '1'),
('449', 'Kota Jambi', FALSE, 'Telanaipura', 'Sumatera Selatan 1', 'AKTIF', '1', '6', '1'),
('450', 'Bandar Lampung', FALSE, 'Teluk Betung Barat', 'Lampung 2', 'AKTIF', '1', '6', '1'),
('451', 'Tangerang', TRUE, 'Teluknaga', 'Banten', 'AKTIF', '1', '6', '1'),
('452', 'Semarang', FALSE, 'Tembalang', 'Jawa Tengah 4', 'AKTIF', '1', '6', '1'),
('453', 'Bone', FALSE, 'Tempe', 'Sulawesi Selatan 2', 'AKTIF', '1', '6', '1'),
('454', 'Siak', FALSE, 'Tenayan Raya', 'Riau', 'AKTIF', '1', '6', '1'),
('455', 'Semarang', TRUE, 'Tengaran', 'Jawa Tengah 4', 'AKTIF', '1', '6', '1'),
('456', 'Bogor', TRUE, 'Tenjo', 'Jawa Barat 1', 'AKTIF', '1', '6', '1'),
('457', 'Lampung Tengah', FALSE, 'Terbanggi Besar', 'Lampung 1', 'AKTIF', '1', '6', '1'),
('458', 'Indramayu', FALSE, 'Terisi', 'Jawa Barat 2', 'AKTIF', '1', '6', '1'),
('459', 'Lampung Tengah', FALSE, 'Terusan Nyunyai', 'Lampung 1', 'AKTIF', '1', '6', '1'),
('460', 'Konawe', FALSE, 'Tongauna', 'Sulawesi Tenggara', 'AKTIF', '1', '6', '1'),
('461', 'Mamuju', FALSE, 'Topoyo', 'Sulawesi Tengah', 'AKTIF', '1', '6', '1'),
('462', 'Grobogan', FALSE, 'Toroh', 'Jawa Tengah 4', 'AKTIF', '1', '6', '1'),
('463', 'Parigi Mountong', FALSE, 'Torue', 'Sulawesi Tengah', 'AKTIF', '1', '6', '1'),
('464', 'Mojokerto', FALSE, 'Trawas', 'Jawa Timur 1', 'AKTIF', '1', '6', '1'),
('465', 'Ponorogo', FALSE, 'Trenggalek Kota', 'Jawa Timur 3', 'AKTIF', '1', '6', '1'),
('466', 'Lampung Tengah', FALSE, 'Trimurejo', 'Lampung 1', 'AKTIF', '1', '6', '1'),
('467', 'Klaten', FALSE, 'Trucuk', 'Jawa Tengah 1', 'AKTIF', '1', '6', '1'),
('468', 'Siak', FALSE, 'Tualang', 'Riau', 'AKTIF', '1', '6', '1'),
('469', 'Tuban', FALSE, 'Tuban', 'Jawa Timur 4', 'AKTIF', '1', '6', '1'),
('470', 'Lubuklinggau', FALSE, 'Tugumulyo', 'Sumatera Selatan 2', 'AKTIF', '1', '6', '1'),
('471', 'Tulang Bawang', FALSE, 'Tulang Bawang Tengah', 'Lampung 1', 'AKTIF', '1', '6', '1'),
('472', 'Sidoarjo', FALSE, 'Tulangan', 'Jawa Timur 1', 'AKTIF', '1', '6', '1'),
('473', 'Malang', FALSE, 'Tumpang', 'Jawa Timur 2', 'AKTIF', '1', '6', '1'),
('474', 'Semarang', TRUE, 'Tuntang', 'Jawa Tengah 4', 'AKTIF', '1', '6', '1'),
('475', 'Malang', FALSE, 'Turen', 'Jawa Timur 2', 'AKTIF', '1', '6', '1'),
('476', 'Jeneponto', FALSE, 'Ujung Bulu', 'Sulawesi Selatan 1', 'AKTIF', '1', '6', '1'),
('477', 'Palopo', FALSE, 'Wara', 'Sulawesi Selatan 2', 'AKTIF', '1', '6', '1'),
('478', 'Sukabumi', FALSE, 'Warung Kiara', 'Jawa Barat 1', 'AKTIF', '1', '6', '1'),
('479', 'Parepare', FALSE, 'Watang Sawitto', 'Sulawesi Selatan 2', 'AKTIF', '1', '6', '1'),
('480', 'Yogyakarta', TRUE, 'Wates', 'Jawa Tengah 1', 'AKTIF', '1', '6', '1'),
('481', 'Konawe', FALSE, 'Wawotobi', 'Sulawesi Tenggara', 'AKTIF', '1', '6', '1'),
('482', 'Lampung Timur', FALSE, 'Way Jepara', 'Lampung 1', 'AKTIF', '1', '6', '1'),
('483', 'Klaten', FALSE, 'Wedi', 'Jawa Tengah 1', 'AKTIF', '1', '6', '1'),
('484', 'Ngawi', FALSE, 'Widodaren', 'Jawa Timur 3', 'AKTIF', '1', '6', '1'),
('485', 'Pekalongan', TRUE, 'Wiradesa', 'Jawa Tengah 3', 'AKTIF', '1', '6', '1'),
('486', 'Grobogan', FALSE, 'Wirosari', 'Jawa Tengah 4', 'AKTIF', '1', '6', '1'),
('487', 'Surabaya', FALSE, 'Wiyung', 'Jawa Timur 4', 'AKTIF', '1', '6', '1'),
('488', 'Blitar', FALSE, 'Wlingi', 'Jawa Timur 2', 'AKTIF', '1', '6', '1'),
('489', 'Surabaya', FALSE, 'Wonokromo', 'Jawa Timur 4', 'AKTIF', '1', '6', '1'),
('490', 'Polman', FALSE, 'Wonomulyo', 'Sulawesi Selatan 2', 'AKTIF', '1', '6', '1'),
('491', 'Wonogiri', FALSE, 'Wonosari', 'Jawa Tengah 1', 'AKTIF', '1', '6', '1'),
('492', 'Pesisir Selatan', FALSE, 'XI Koto Tarusan', 'Sumatera Barat', 'AKTIF', '1', '6', '1');

INSERT INTO "rencana_pemeriksaan" ("id_rencana", "link_majelis", "nama_rencana", "pembuat", "status") 
VALUES 
('1', 'test', 'alpha', '1', '1'),
('2', 'test', 'beta', '1', '1'),
('3', 'test', 'gamma', '1', '1'),
('4', 'test', 'delta', '1', '1');

INSERT INTO "tugas_pemeriksaan" ("id_tugas", "tanggal_mulai", "tanggal_selesai", "kantor_cabang", "pelaksana", "rencana_pemeriksaan") VALUES 
('1', '2020-03-24', '2020-04-01', '1', '1', '1'),
('2', '2020-04-02', '2020-04-09', '2', '1', '1'),
('3', '2020-04-10', '2020-04-17', '3', '5', '1'),
('4', '2020-05-01', '2020-05-08', '4', '5', '2'),
('5', '2020-05-09', '2020-05-16', '5', '5', '3'),
('6', '2020-05-17', '2020-05-24', '3', '5', '4');


SELECT setval('employee_id_employee_seq', max(id_employee)) FROM employee;
SELECT setval('kantor_cabang_id_kantor_seq', max(id_kantor)) FROM kantor_cabang;
SELECT setval('reminder_template_id_reminder_template_seq', max(id_reminder_template)) FROM reminder_template;
SELECT setval('rencana_pemeriksaan_id_rencana_seq', max(id_rencana)) FROM rencana_pemeriksaan;
SELECT setval('risiko_id_risiko_seq', max(id_risiko)) FROM risiko;
SELECT setval('risk_level_id_level_seq', max(id_level)) FROM risk_level;
SELECT setval('risk_rating_id_rating_seq', max(id_rating)) FROM risk_rating;
SELECT setval('sop_id_sop_seq', max(id_sop)) FROM sop;
SELECT setval('tugas_pemeriksaan_id_tugas_seq', max(id_tugas)) FROM tugas_pemeriksaan;